State,County,County,State Profile,Jurisdiction Profile (R/B/M),County Profile,State Social Distancing Policy,state abbreviation,Pre-COVID Jail Population,Change,Percentage Change,Jail Incarceration Rate Per 100K,International Benchmark,Rate Reduction to Match Internatonal Norms,Add'l Jail Reduction to Match Pre-COVID Intn'l Avg,Jail rate is X time norm,Target Jail Population,Date of covid data,Jail Population (Latest),Resident population,Cases Per 100K Residents,COVID-19 Cases,Deaths Per 100K Residents,COVID-19 Deaths
Alabama,"Autauga, AL",Autauga,27,R,0.7535934292,,AL,167,-30,-0.179640719,245.2165,35,-210.216,-117.446,7.006185,19.55415,4/9/2020,137,55869,30,17,2,1
Alabama,"Cherokee, AL",Cherokee,27,M,0.8526422764,,AL,111,-38,-0.342342342,278.6685,35,-243.668,-63.8314,7.961957,9.1686,4/9/2020,73,26196,27,7,0,0
Alabama,"Dale, AL",Dale,27,R,0.7576687117,,AL,69,-17,-0.246376812,105.7512,35,-70.7512,-34.7898,3.021464,17.2102,4/9/2020,52,49172,12,6,0,0
Alabama,"DeKalb, AL",DeKalb,27,R,0.8555327869,,AL,176,-75,-0.426136364,141.2331,35,-106.233,-75.9705,4.03523,25.02955,4/9/2020,101,71513,22,16,0,0
Alabama,"Fayette, AL",Fayette,27,M,0.831300813,,AL,80,-22,-0.275,355.7846,35,-320.785,-52.2943,10.16527,5.7057,4/9/2020,58,16302,6,1,0,0
Alabama,"Franklin, AL",Franklin,27,M,0.8114754098,,AL,118,-31,-0.262711864,277.4058,35,-242.406,-76.0233,7.925879,10.9767,4/9/2020,87,31362,26,8,0,0
Alabama,"Jackson, AL",Jackson,27,M,0.8198567042,,AL,179,-59,-0.329608939,232.441,35,-197.441,-101.931,6.641172,18.0691,4/9/2020,120,51626,43,22,4,2
Alabama,"Jefferson, AL",Jefferson,27,M,0.5360824742,,AL,996,-226,-0.226907631,116.9195,35,-81.9195,-539.499,3.340556,230.5006,4/9/2020,770,658573,79,523,2,14
Alabama,"Marion, AL",Marion,27,M,0.887195122,,AL,135,-28,-0.207407407,360.1602,35,-325.16,-96.6019,10.29029,10.39815,4/9/2020,107,29709,111,33,10,3
Alabama,"Pike, AL",Pike,27,M,0.6038894575,,AL,62,-25,-0.403225806,111.7352,35,-76.7352,-25.4101,3.192435,11.5899,4/9/2020,37,33114,54,18,0,0
Alabama,"Pickens, AL",Pickens,27,M,0.5786290323,,AL,109,-13,-0.119266055,481.6859,35,-446.686,-89.0245,13.76245,6.9755,4/9/2020,96,19930,95,19,0,0
Arkansas,"Baxter, AR",Baxter,24,M,0.7788259958,,AR,114,-36,-0.315789474,186.0155,35,-151.015,-63.3238,5.314727,14.6762,4/9/2020,78,41932,10,4,0,0
Arkansas,"Boone, AR",Boone,24,R,0.8065887354,,AR,110,-28,-0.254545455,219.0639,35,-184.064,-68.8988,6.258969,13.1012,4/9/2020,82,37432,8,3,0,0
Arkansas,"Columbia, AR",Columbia,24,R,0.6349534643,,AR,76,-19,-0.25,242.9978,35,-207.998,-48.7901,6.942795,8.20995,4/9/2020,57,23457,13,3,0,0
Arkansas,"Cross, AR",Cross,24,M,0.6962421712,,AR,67,-21,-0.313432836,280.1632,35,-245.163,-40.2534,8.004664,5.74665,4/9/2020,46,16419,37,6,0,0
Arkansas,"Faulkner, AR",Faulkner,24,R,0.6673866091,,AR,466,-255,-0.5472103,167.451,35,-132.451,-166.898,4.784315,44.10245,4/9/2020,211,126007,44,56,1,1
Arkansas,"Hempstead, AR",Hempstead,24,M,0.6496881497,,AR,67,-31,-0.462686567,167.193,35,-132.193,-28.4638,4.776943,7.5362,4/9/2020,36,21532,14,3,5,1
Arkansas,"Jefferson, AR",Jefferson,24,B,0.6304347826,,AR,358,-134,-0.374301676,335.2089,35,-300.209,-200.612,9.577397,23.3884,4/9/2020,224,66824,136,91,2,1
Arkansas,"Lonoke, AR",Lonoke,24,R,0.7790697674,,AR,290,-54,-0.186206897,321.925,35,-286.925,-210.342,9.197857,25.65815,4/9/2020,236,73309,36,26,0,0
Arkansas,"Monroe, AR",Monroe,24,B,0.5190525232,,AR,13,-8,-0.615384615,74.61573,35,-39.6157,-2.65465,2.131878,2.34535,4/9/2020,5,6701,15,1,0,0
Arkansas,"Poinsett, AR",Poinsett,24,M,0.6267232238,,AR,88,-54,-0.613636364,144.5087,35,-109.509,-25.7652,4.128819,8.2348,4/9/2020,34,23528,26,6,0,0
Arkansas,"Saline, AR",Saline,24,R,0.7301927195,,AR,240,-76,-0.316666667,133.9464,35,-98.9464,-121.147,3.827041,42.85295,4/9/2020,164,122437,25,31,1,1
Arkansas,"Stone, AR",Stone,24,M,0.7740232313,,AR,46,-17,-0.369565217,231.8887,35,-196.889,-24.6229,6.625391,4.3771,4/9/2020,29,12506,56,7,0,0
Arkansas,"Van Buren, AR",Van Buren,24,M,0.7769784173,,AR,85,-45,-0.529411765,241.7649,35,-206.765,-34.2093,6.907568,5.79075,4/9/2020,40,16545,157,26,6,1
Arkansas,"St. Francis, AR",St. Francis,24,R,0.5580678314,,AR,67,-43,-0.641791045,96.02305,35,-61.023,-15.2521,2.743516,8.7479,4/9/2020,24,24994,124,31,0,0
California,"Alameda, CA",Alameda,-24,B,0.1581740977,,CA,2556,-618,-0.241784038,115.9556,35,-80.9556,-1353.03,3.313018,584.9652,4/9/2020,1938,1671329,44,734,1,17
California,"El Dorado, CA",El Dorado,-24,R,0.5748116254,,CA,386,-78,-0.202072539,159.7154,35,-124.715,-240.505,4.563298,67.49505,4/9/2020,308,192843,16,30,0,0
California,"Fresno, CA",Fresno,-24,R,0.4769392034,,CA,3079,-415,-0.134784021,266.6397,35,-231.64,-2314.31,7.618277,349.6854,4/9/2020,2664,999101,17,173,0,3
California,"Kings, CA",Kings,-24,R,0.5749202976,,CA,589,-110,-0.186757216,313.1947,35,-278.195,-425.471,8.94842,53.529,4/9/2020,479,152940,5,7,0,0
California,"Los Angeles, CA",Los Angeles,-24,B,0.246835443,,CA,17076,-4005,-0.234539705,130.2008,35,-95.2008,-9557.31,3.720024,3513.687,4/9/2020,13071,10039107,79,7955,2,223
California,"Marin, CA",Marin,-24,B,0.1678986272,,CA,284,-126,-0.443661972,61.04487,35,-26.0449,-67.4109,1.744139,90.5891,4/9/2020,158,258826,60,154,4,10
California,"Merced, CA",Merced,-24,R,0.4583772392,,CA,799,-112,-0.140175219,247.4071,35,-212.407,-589.812,7.068774,97.188,4/9/2020,687,277680,14,40,1,3
California,"Monterey, CA",Monterey,-24,R,0.2895015907,,CA,870,-182,-0.209195402,158.5031,35,-123.503,-536.079,4.528659,151.9214,4/9/2020,688,434061,16,71,1,3
California,"Orange, CA",Orange,-24,M,0.4591728526,,CA,5280,-1650,-0.3125,114.3058,35,-79.3058,-2518.51,3.26588,1111.492,4/9/2020,3630,3175692,34,1079,1,17
California,"Placer, CA",Placer,-24,R,0.560298826,,CA,711,-129,-0.181434599,146.1104,35,-111.11,-442.585,4.174582,139.4152,4/9/2020,582,398329,30,120,1,4
California,"Riverside, CA",Riverside,-24,M,0.4773445732,,CA,3828,-309,-0.080721003,142.4381,35,-107.438,-2654.31,4.069661,864.6911,4/9/2020,3519,2470546,52,1280,1,33
California,"San Francisco, CA",San Francisco,-24,B,0.0990516333,,CA,1238,-472,-0.381260097,86.8925,35,-51.8925,-457.458,2.482643,308.5422,4/9/2020,766,881549,83,727,1,10
California,"Santa Clara, CA",Santa Clara,-24,M,0.2218683652,,CA,3219,-789,-0.245107176,126.047,35,-91.047,-1755.25,3.601343,674.7482,4/9/2020,2430,1927852,75,1442,3,48
California,"Tehama, CA",Tehama,-24,M,0.695329087,,CA,174,11,0.063218391,284.248,35,-249.248,-162.221,8.121373,22.7794,4/9/2020,185,65084,2,1,0,0
California,"Tulare, CA",Tulare,-24,R,0.5638859556,,CA,1575,-417,-0.264761905,248.3939,35,-213.394,-994.832,7.096969,163.1683,4/9/2020,1158,466195,40,187,2,10
California,"Yuba, CA",Yuba,-24,R,0.6297093649,,CA,376,-77,-0.204787234,380.0783,35,-345.078,-271.466,10.85938,27.5338,4/9/2020,299,78668,19,15,4,3
Florida,"Alachua, FL",Alachua,5,M,0.3815513627,,FL,724,-118,-0.162983425,225.2428,35,-190.243,-511.835,6.435509,94.16505,4/9/2020,606,269043,57,154,0,0
Florida,"Bradford, FL",Bradford,5,R,0.7528089888,,FL,180,-101,-0.561111111,280.1319,35,-245.132,-69.1297,8.003769,9.87035,4/9/2020,79,28201,71,20,0,0
Florida,"Gadsden, FL",Gadsden,5,B,0.3092573754,,FL,498,-372,-0.746987952,275.9527,35,-240.953,-110.019,7.884363,15.981,4/9/2020,126,45660,24,11,0,0
Florida,"Glades, FL",Glades,5,R,0.7020408163,,FL,69,0,0,499.6018,35,-464.602,-64.1662,14.27434,4.83385,4/9/2020,69,13811,29,4,7,1
Florida,"Hamilton, FL",Hamilton,5,R,0.64453524,,FL,83,-34,-0.409638554,339.6174,35,-304.617,-43.9502,9.703355,5.0498,4/9/2020,49,14428,7,1,0,0
Florida,"Hendry, FL",Hendry,5,R,0.5734840699,,FL,181,-13,-0.071823204,399.7906,35,-364.791,-153.292,11.42259,14.7077,4/9/2020,168,42022,31,13,0,0
Florida,"Levy, FL",Levy,5,M,0.7297019527,,FL,147,-41,-0.278911565,255.4032,35,-220.403,-91.474,7.297235,14.52605,4/9/2020,106,41503,15,6,0,0
Florida,"Nassau, FL",Nassau,5,M,0.7592975207,,FL,247,-75,-0.303643725,194.0762,35,-159.076,-140.981,5.545033,31.01875,4/9/2020,172,88625,36,32,0,0
Florida,"Okaloosa, FL",Okaloosa,5,R,0.751317176,,FL,679,-144,-0.212076583,253.8697,35,-218.87,-461.242,7.253421,73.7583,4/9/2020,535,210738,39,82,1,1
Florida,"Putnam, FL",Putnam,5,R,0.6878850103,,FL,330,-78,-0.236363636,338.1597,35,-303.16,-225.918,9.661706,26.08235,4/9/2020,252,74521,34,25,1,1
Florida,"Santa Rosa, FL",Santa Rosa,5,M,0.780104712,,FL,687,-174,-0.253275109,278.3309,35,-243.331,-448.49,7.952311,64.50955,4/9/2020,513,184313,52,96,1,2
Florida,"St. Johns, FL",St. Johns,5,R,0.6728778468,,FL,397,-22,-0.055415617,141.6848,35,-106.685,-282.365,4.048137,92.6352,4/9/2020,375,264672,62,163,1,2
Florida,"Sumter, FL",Sumter,5,R,0.6998982706,,FL,432,-62,-0.143518519,279.414,35,-244.414,-323.653,7.983257,46.347,4/9/2020,370,132420,76,100,5,7
Florida,"Suwannee, FL",Suwannee,5,R,0.7830092119,,FL,157,-16,-0.101910828,317.446,35,-282.446,-125.454,9.069886,15.54595,4/9/2020,141,44417,122,54,0,0
Florida,"Taylor, FL",Taylor,5,M,0.7627811861,,FL,126,-53,-0.420634921,338.4487,35,-303.449,-65.4509,9.669963,7.54915,4/9/2020,73,21569,5,1,0,0
Florida,"Walton, FL",Walton,5,M,0.7896907216,,FL,443,-53,-0.119638826,526.5219,35,-491.522,-364.075,15.04348,25.92485,4/9/2020,390,74071,35,26,0,0
Georgia,"Bartow, GA",Bartow,12,R,0.7845360825,,GA,680,-182,-0.267647059,462.2325,35,-427.232,-460.292,13.20664,37.7083,4/9/2020,498,107738,188,203,14,15
Georgia,"Camden, GA",Camden,12,R,0.6752843847,,GA,132,-44,-0.333333333,160.9776,35,-125.978,-68.8669,4.599359,19.1331,4/9/2020,88,54666,35,19,0,0
Georgia,"Columbia, GA",Columbia,12,R,0.6953367876,,GA,280,-65,-0.232142857,137.1926,35,-102.193,-160.15,3.919788,54.8499,4/9/2020,215,156714,37,58,0,0
Georgia,"Coweta, GA",Coweta,12,R,0.7196261682,,GA,364,-108,-0.296703297,172.3801,35,-137.38,-204.022,4.925146,51.97815,4/9/2020,256,148509,59,87,1,2
Georgia,"Dougherty, GA",Dougherty,12,B,0.3052738337,,GA,588,-187,-0.318027211,455.9098,35,-420.91,-370.215,13.02599,30.7846,4/9/2020,401,87956,1185,1042,75,66
Georgia,"Douglas, GA",Douglas,12,R,0.4444444444,,GA,666,-222,-0.333333333,303.3968,35,-268.397,-392.78,8.66848,51.22005,4/9/2020,444,146343,92,134,3,5
Georgia,"Floyd, GA",Floyd,12,M,0.7252066116,,GA,642,-223,-0.347352025,425.3893,35,-390.389,-384.526,12.15398,34.4743,4/9/2020,419,98498,102,100,5,5
Georgia,"Lumpkin, GA",Lumpkin,12,R,0.8125,,GA,152,-71,-0.467105263,240.9997,35,-206,-69.2365,6.885706,11.7635,4/9/2020,81,33610,27,9,0,0
Illinois,"Cook, IL",Cook,-13,B,0.2233820459,,IL,5555,-1120,-0.201620162,86.11261,35,-51.1126,-2632.42,2.46036,1802.582,4/9/2020,4435,5150233,222,11415,7,351
Illinois,"Kankakee, IL",Kankakee,-13,M,0.5703703704,,IL,313,-48,-0.153354633,241.2117,35,-206.212,-226.548,6.891763,38.4517,4/9/2020,265,109862,142,156,6,7
Illinois,"Will, IL",Will,-13,M,0.470464135,,IL,696,-114,-0.163793103,84.2571,35,-49.2571,-340.24,2.407346,241.7601,4/9/2020,582,690743,147,1012,7,46
Indiana,"Boone, IN",Boone,18,R,0.6584317938,,IN,171,-57,-0.333333333,168.035,35,-133.035,-90.255,4.801001,23.74505,4/9/2020,114,67843,124,84,3,2
Indiana,"Clinton, IN",Clinton,18,R,0.751572327,,IN,147,-25,-0.170068027,376.5548,35,-341.555,-110.66,10.75871,11.33965,4/9/2020,122,32399,31,10,3,1
Indiana,"Dubois, IN",Dubois,18,B,0.7123142251,,IN,76,-2,-0.026315789,173.1561,35,-138.156,-59.0424,4.947318,14.9576,4/9/2020,74,42736,23,10,0,0
Indiana,"Hancock, IN",Hancock,18,B,0.7377919321,,IN,292,-105,-0.359589041,239.2283,35,-204.228,-159.641,6.835095,27.3588,4/9/2020,187,78168,128,100,3,2
Indiana,"Hendricks, IN",Hendricks,18,M,0.6815286624,,IN,253,-90,-0.355731225,95.70726,35,-60.7073,-103.391,2.734493,59.60885,4/9/2020,163,170311,150,256,5,8
Indiana,"Howard, IN",Howard,18,R,0.6786090622,,IN,447,-79,-0.176733781,445.8228,35,-410.823,-339.11,12.7378,28.8904,4/9/2020,368,82544,51,42,5,4
Indiana,"Jackson, IN",Jackson,18,R,0.7699579832,,IN,252,-93,-0.369047619,359.4764,35,-324.476,-143.519,10.27075,15.48085,4/9/2020,159,44231,120,53,0,0
Indiana,"Knox, IN",Knox,18,R,0.7455683003,,IN,194,-32,-0.164948454,442.6955,35,-407.696,-149.192,12.64844,12.8079,4/9/2020,162,36594,27,10,0,0
Indiana,"LaPorte, IN",LaPorte,18,B,0.5338983051,,IN,331,-67,-0.202416918,240.2446,35,-205.245,-225.539,6.864132,38.4608,4/9/2020,264,109888,27,30,3,3
Indiana,"Marion, IN",Marion,18,R,0.38,,IN,1987,-684,-0.344237544,135.0844,35,-100.084,-965.396,3.859555,337.6037,4/9/2020,1303,964582,250,2415,8,81
Indiana,"Pulaski, IN",Pulaski,18,M,0.7439664218,,IN,88,10,0.113636364,793.3296,35,-758.33,-93.6765,22.66656,4.32355,4/9/2020,98,12353,8,1,0,0
Indiana,"Scott, IN",Scott,18,R,0.6964656965,,IN,187,-72,-0.385026738,481.7157,35,-446.716,-106.644,13.76331,8.35555,4/9/2020,115,23873,50,12,8,2
Indiana,"Shelby, IN",Shelby,18,M,0.7494714588,,IN,175,-45,-0.257142857,290.6392,35,-255.639,-114.345,8.303977,15.65515,4/9/2020,130,44729,136,61,5,2
Indiana,"Starke, IN",Starke,18,M,0.71875,,IN,120,-23,-0.191666667,421.8308,35,-386.831,-88.9518,12.05231,8.04825,4/9/2020,97,22995,26,6,0,0
Indiana,"Vigo, IN",Vigo,18,B,0.5794979079,,IN,294,-34,-0.115646259,242.9044,35,-207.904,-222.537,6.940125,37.4633,4/9/2020,260,107038,34,36,2,2
Indiana,"Washington, IN",Washington,18,R,0.7565308255,,IN,127,4,0.031496063,467.2564,35,-432.256,-121.187,13.35018,9.8126,4/9/2020,131,28036,82,23,0,0
Indiana,"Whitley, IN",Whitley,18,R,0.77028451,,IN,190,-107,-0.563157895,244.3764,35,-209.376,-71.1126,6.982183,11.8874,4/9/2020,83,33964,24,8,3,1
Kansas,"Cherokee, KS",Cherokee,23,R,0.7542016807,,KS,85,-54,-0.635294118,155.4742,35,-120.474,-24.0214,4.44212,6.97865,4/9/2020,31,19939,25,5,0,0
Kansas,"Crawford, KS",Crawford,23,R,0.6235294118,,KS,104,-44,-0.423076923,154.5675,35,-119.567,-46.4137,4.416213,13.5863,4/9/2020,60,38818,16,6,3,1
Kansas,"Jefferson, KS",Jefferson,23,R,0.6727467811,,KS,22,1,0.045454545,120.7793,35,-85.7793,-16.335,3.450837,6.66505,4/9/2020,23,19043,26,5,0,0
Kansas,"Pratt, KS",Pratt,23,R,0.7875185736,,KS,21,-13,-0.619047619,87.29812,35,-52.2981,-4.7926,2.494232,3.2074,4/9/2020,8,9164,11,1,0,0
Kentucky,"Adair, KY",Adair,23,R,0.8335056877,,KY,111,-34,-0.306306306,400.9999,35,-366,-70.2793,11.45714,6.7207,4/9/2020,77,19202,47,9,5,1
Kentucky,"Allen, KY",Allen,23,M,0.8271221532,,KY,75,-45,-0.6,140.746,35,-105.746,-22.5398,4.021313,7.46025,4/9/2020,30,21315,19,4,0,0
Kentucky,"Ballard, KY",Ballard,23,M,0.7948453608,,KY,73,-16,-0.219178082,722.6166,35,-687.617,-54.2392,20.64619,2.7608,4/9/2020,57,7888,13,1,0,0
Kentucky,"Barren, KY",Barren,23,M,0.759375,,KY,228,-82,-0.359649123,329.951,35,-294.951,-130.513,9.42717,15.48715,4/9/2020,146,44249,7,3,0,0
Kentucky,"Boone, KY",Boone,23,M,0.7223404255,,KY,458,-59,-0.128820961,298.6952,35,-263.695,-352.247,8.534148,46.75335,4/9/2020,399,133581,34,46,1,1
Kentucky,"Bourbon, KY",Bourbon,23,R,0.6663157895,,KY,242,-70,-0.289256198,869.2137,35,-834.214,-165.074,24.83468,6.9258,4/9/2020,172,19788,20,4,5,1
Kentucky,"Boyd, KY",Boyd,23,M,0.6931106472,,KY,316,-96,-0.303797468,470.9106,35,-435.911,-203.649,13.45459,16.3513,4/9/2020,220,46718,47,22,4,2
Kentucky,"Boyle, KY",Boyle,23,R,0.6523109244,,KY,272,-112,-0.411764706,532.2688,35,-497.269,-149.479,15.20768,10.521,4/9/2020,160,30060,43,13,0,0
Kentucky,"Breckinridge, KY",Breckinridge,23,R,0.7681912682,,KY,203,-26,-0.128078818,864.3844,35,-829.384,-169.833,24.6967,7.16695,4/9/2020,177,20477,15,3,0,0
Kentucky,"Bullitt, KY",Bullitt,23,M,0.760460251,,KY,295,-105,-0.355932203,232.6265,35,-197.626,-161.413,6.646471,28.5866,4/9/2020,190,81676,26,21,2,2
Kentucky,"Butler, KY",Butler,23,R,0.8236514523,,KY,50,-11,-0.22,302.8185,35,-267.819,-34.4924,8.651958,4.50765,4/9/2020,39,12879,16,2,0,0
Kentucky,"Calloway, KY",Calloway,23,M,0.6857749469,,KY,181,-53,-0.29281768,328.1967,35,-293.197,-114.35,9.377049,13.65035,4/9/2020,128,39001,21,8,3,1
Kentucky,"Campbell, KY",Campbell,23,M,0.6310160428,,KY,607,-106,-0.174629325,535.3479,35,-500.348,-468.246,15.29565,32.7544,4/9/2020,501,93584,44,41,3,3
Kentucky,"Carroll, KY",Carroll,23,R,0.7004175365,,KY,151,-53,-0.350993377,921.8324,35,-886.832,-94.2792,26.33807,3.72085,4/9/2020,98,10631,19,2,0,0
Kentucky,"Carter, KY",Carter,23,M,0.76875,,KY,187,-5,-0.026737968,679.1805,35,-644.181,-172.621,19.40516,9.37895,4/9/2020,182,26797,4,1,0,0
Kentucky,"Christian, KY",Christian,23,R,0.6628630705,,KY,770,-142,-0.184415584,891.2732,35,-856.273,-603.339,25.46495,24.66135,4/9/2020,628,70461,64,45,0,0
Kentucky,"Clark, KY",Clark,23,R,0.6950578339,,KY,282,-102,-0.361702128,496.3737,35,-461.374,-167.308,14.18211,12.69205,4/9/2020,180,36263,30,11,0,0
Kentucky,"Crittenden, KY",Crittenden,23,R,0.8419421488,,KY,209,-91,-0.435406699,1339.995,35,-1305,-114.918,38.28558,3.0821,4/9/2020,118,8806,34,3,0,0
Kentucky,"Daviess, KY",Daviess,23,R,0.6712765957,,KY,709,-140,-0.197461213,560.5304,35,-525.53,-533.471,16.01515,35.52885,4/9/2020,569,101511,71,72,2,2
Kentucky,"Franklin, KY",Franklin,23,M,0.5243644068,,KY,292,-96,-0.328767123,384.3816,35,-349.382,-178.153,10.98233,17.84685,4/9/2020,196,50991,20,10,0,0
Kentucky,"Grant, KY",Grant,23,R,0.7918834547,,KY,211,-18,-0.085308057,769.8751,35,-734.875,-184.226,21.99643,8.77415,4/9/2020,193,25069,44,11,4,1
Kentucky,"Graves, KY",Graves,23,M,0.7933541018,,KY,138,15,0.108695652,410.5619,35,-375.562,-139.957,11.73034,13.0431,4/9/2020,153,37266,13,5,0,0
Kentucky,"Greenup, KY",Greenup,23,M,0.7357512953,,KY,127,-22,-0.173228346,299.1623,35,-264.162,-92.7157,8.547496,12.2843,4/9/2020,105,35098,6,2,0,0
Kentucky,"Hardin, KY",Hardin,23,M,0.6592827004,,KY,766,-118,-0.154046997,584.0048,35,-549.005,-609.165,16.68585,38.8353,4/9/2020,648,110958,10,11,0,0
Kentucky,"Hart, KY",Hart,23,R,0.7546391753,,KY,196,-52,-0.265306122,756.5012,35,-721.501,-137.338,21.61432,6.66225,4/9/2020,144,19035,5,1,0,0
Kentucky,"Henderson, KY",Henderson,23,R,0.644723093,,KY,454,-105,-0.231277533,771.9531,35,-736.953,-333.177,22.0558,15.8235,4/9/2020,349,45210,51,23,0,0
Kentucky,"Hopkins, KY",Hopkins,23,R,0.779854621,,KY,387,-56,-0.144702842,740.7242,35,-705.724,-315.36,21.16355,15.6401,4/9/2020,331,44686,172,77,13,6
Kentucky,"Jackson, KY",Jackson,23,B,0.9099283521,,KY,125,-28,-0.224,727.7365,35,-692.737,-92.3349,20.79247,4.66515,4/9/2020,97,13329,23,3,0,0
Kentucky,"Jessamine, KY",Jessamine,23,M,0.7136715391,,KY,149,-62,-0.416107383,160.7687,35,-125.769,-68.0598,4.593392,18.94025,4/9/2020,87,54115,33,18,0,0
Kentucky,"Johnson, KY",Johnson,23,B,0.8650875386,,KY,195,-49,-0.251282051,658.0133,35,-623.013,-138.234,18.80038,7.7658,4/9/2020,146,22188,5,1,0,0
Kentucky,"Kenton, KY",Kenton,23,M,0.6391862955,,KY,713,-344,-0.482468443,220.9607,35,-185.961,-310.551,6.313164,58.4493,4/9/2020,369,166998,48,80,5,8
Kentucky,"Knox, KY",Knox,23,B,0.8484536082,,KY,337,-28,-0.083086053,992.1336,35,-957.134,-298.099,28.34667,10.90075,4/9/2020,309,31145,3,1,0,0
Kentucky,"Larue, KY",Larue,23,R,0.7895287958,,KY,133,-20,-0.15037594,784.8312,35,-749.831,-107.961,22.42375,5.0393,4/9/2020,113,14398,21,3,0,0
Kentucky,"Laurel, KY",Laurel,23,B,0.8565531476,,KY,609,-21,-0.034482759,966.8985,35,-931.899,-566.715,27.62567,21.28455,4/9/2020,588,60813,5,3,0,0
Kentucky,"Leslie, KY",Leslie,23,B,0.9094608342,,KY,215,-5,-0.023255814,2126.152,35,-2091.15,-206.543,60.74719,3.45695,4/9/2020,210,9877,10,1,0,0
Kentucky,"Letcher, KY",Letcher,23,M,0.8252326784,,KY,110,-21,-0.190909091,412.9356,35,-377.936,-81.4565,11.79816,7.54355,4/9/2020,89,21553,5,1,0,0
Kentucky,"Lewis, KY",Lewis,23,R,0.8477366255,,KY,66,-13,-0.196969697,399.2467,35,-364.247,-48.3538,11.40705,4.64625,4/9/2020,53,13275,15,2,0,0
Kentucky,"Lincoln, KY",Lincoln,23,B,0.7970863684,,KY,147,-69,-0.469387755,317.7319,35,-282.732,-69.4079,9.078054,8.59215,4/9/2020,78,24549,4,1,0,0
Kentucky,"Logan, KY",Logan,23,R,0.7386363636,,KY,176,-49,-0.278409091,468.6001,35,-433.6,-117.514,13.38857,9.4857,4/9/2020,127,27102,18,5,0,0
Kentucky,"Madison, KY",Madison,23,M,0.6652542373,,KY,345,-99,-0.286956522,264.5531,35,-229.553,-213.455,7.55866,32.54545,4/9/2020,246,92987,15,14,1,1
Kentucky,"Marion, KY",Marion,23,R,0.656964657,,KY,298,-46,-0.154362416,1307.529,35,-1272.53,-245.254,37.35796,6.74555,4/9/2020,252,19273,26,5,0,0
Kentucky,"Mason, KY",Mason,23,R,0.7150313152,,KY,184,-62,-0.336956522,714.7042,35,-679.704,-116.026,20.42012,5.9745,4/9/2020,122,17070,18,3,0,0
Kentucky,"McCracken, KY",McCracken,23,M,0.6945606695,,KY,556,-150,-0.269784173,620.6243,35,-585.624,-383.104,17.73212,22.8963,4/9/2020,406,65418,20,13,2,1
Kentucky,"Montgomery, KY",Montgomery,23,R,0.7130977131,,KY,203,-65,-0.320197044,490.109,35,-455.109,-128.145,14.00312,9.85495,4/9/2020,138,28157,25,7,0,0
Kentucky,"Muhlenberg, KY",Muhlenberg,23,R,0.7415036045,,KY,261,-46,-0.176245211,702.1096,35,-667.11,-204.282,20.06027,10.7177,4/9/2020,215,30622,85,26,0,0
Kentucky,"Nelson, KY",Nelson,23,R,0.6760710554,,KY,117,-34,-0.290598291,179.5254,35,-144.525,-66.8185,5.129298,16.18155,4/9/2020,83,46233,15,7,0,0
Kentucky,"Oldham, KY",Oldham,23,M,0.6655982906,,KY,292,-44,-0.150684932,371.263,35,-336.263,-224.62,10.60752,23.37965,4/9/2020,248,66799,17,11,0,0
Kentucky,"Pike, KY",Pike,23,B,0.8215384615,,KY,416,-44,-0.105769231,642.7535,35,-607.753,-351.743,18.36438,20.2566,4/9/2020,372,57876,2,1,0,0
Kentucky,"Pulaski, KY",Pulaski,23,B,0.8448810755,,KY,341,-115,-0.337243402,347.8047,35,-312.805,-203.257,9.937276,22.74265,4/9/2020,226,64979,40,26,2,1
Kentucky,"Rockcastle, KY",Rockcastle,23,B,0.8596311475,,KY,100,-26,-0.26,443.2465,35,-408.246,-68.1568,12.66419,5.84325,4/9/2020,74,16695,36,6,0,0
Kentucky,"Russell, KY",Russell,23,R,0.8624229979,,KY,115,-23,-0.2,513.3069,35,-478.307,-85.727,14.66591,6.27305,4/9/2020,92,17923,22,4,0,0
Kentucky,"Scott, KY",Scott,23,M,0.661358811,,KY,128,-53,-0.4140625,131.5697,35,-96.5697,-55.0486,3.759135,19.9514,4/9/2020,75,57004,37,21,0,0
Kentucky,"Shelby, KY",Shelby,23,M,0.677589852,,KY,283,-116,-0.409893993,340.6495,35,-305.649,-149.842,9.732842,17.1584,4/9/2020,167,49024,27,13,0,0
Kentucky,"Taylor, KY",Taylor,23,R,0.7650727651,,KY,246,-86,-0.349593496,620.9011,35,-585.901,-150.981,17.74003,9.01915,4/9/2020,160,25769,12,3,0,0
Kentucky,"Todd, KY",Todd,23,R,0.7761806982,,KY,140,-19,-0.135714286,984.2199,35,-949.22,-116.697,28.12057,4.3029,4/9/2020,121,12294,24,3,0,0
Kentucky,"Union, KY",Union,23,R,0.7796086509,,KY,75,-16,-0.213333333,410.2635,35,-375.264,-53.9667,11.72182,5.03335,4/9/2020,59,14381,21,3,0,0
Kentucky,"Warren, KY",Warren,23,M,0.6284501062,,KY,668,-113,-0.169161677,417.6198,35,-382.62,-508.486,11.93199,46.5136,4/9/2020,555,132896,26,35,0,0
Kentucky,"Wayne, KY",Wayne,23,B,0.8165983607,,KY,192,-31,-0.161458333,791.8163,35,-756.816,-153.883,22.62332,7.11655,4/9/2020,161,20333,20,4,0,0
Kentucky,"Webster, KY",Webster,23,R,0.7796086509,,KY,274,-31,-0.113138686,1877.608,35,-1842.61,-238.47,53.64594,4.5297,4/9/2020,243,12942,54,7,0,0
Kentucky,"Whitley, KY",Whitley,23,B,0.8456790123,,KY,307,-70,-0.228013029,653.5407,35,-618.541,-224.308,18.67259,12.6924,4/9/2020,237,36264,3,1,0,0
Kentucky,"Woodford, KY",Woodford,23,M,0.608137045,,KY,133,-27,-0.203007519,396.4988,35,-361.499,-96.6431,11.32854,9.3569,4/9/2020,106,26734,49,13,0,0
Louisiana,"Acadia, LA",Acadia,17,R,0.7895812053,,LA,170,10,0.058823529,290.112,35,-255.112,-158.284,8.288915,21.71575,4/9/2020,180,62045,143,89,5,3
Louisiana,"Allen, LA",Allen,17,M,0.7651905252,,LA,119,-53,-0.445378151,257.5409,35,-222.541,-57.0306,7.358311,8.96945,4/9/2020,66,25627,258,66,20,5
Louisiana,"Ascension, LA",Ascension,17,M,0.6871101871,,LA,476,-117,-0.245798319,283.5613,35,-248.561,-314.689,8.101753,44.3114,4/9/2020,359,126604,292,370,13,17
Louisiana,"Assumption, LA",Assumption,17,B,0.6305015353,,LA,109,-21,-0.19266055,401.9917,35,-366.992,-80.3382,11.48548,7.66185,4/9/2020,88,21891,429,94,0,0
Louisiana,"Avoyelles, LA",Avoyelles,17,B,0.6895491803,,LA,409,-52,-0.127139364,889.2985,35,-854.299,-342.95,25.40853,14.0504,4/9/2020,357,40144,140,56,3,1
Louisiana,"Beauregard, LA",Beauregard,17,R,0.8362512873,,LA,147,-28,-0.19047619,317.3587,35,-282.359,-105.876,9.067392,13.12395,4/9/2020,119,37497,69,26,3,1
Louisiana,"Bienville, LA",Bienville,17,M,0.5452695829,,LA,40,-10,-0.25,226.569,35,-191.569,-25.3657,6.4734,4.63435,4/9/2020,30,13241,181,24,8,1
Louisiana,"Bossier, LA",Bossier,17,R,0.7370600414,,LA,1078,24,0.022263451,867.4502,35,-832.45,-1057.54,24.78429,44.46365,4/9/2020,1102,127039,135,171,6,7
Louisiana,"Caddo, LA",Caddo,17,R,0.4783057851,,LA,1289,-213,-0.165244375,447.9526,35,-412.953,-991.929,12.79864,84.0714,4/9/2020,1076,240204,377,906,11,26
Louisiana,"Calcasieu, LA",Calcasieu,17,M,0.6732570239,,LA,1261,-271,-0.214908803,486.6395,35,-451.64,-918.797,13.90399,71.2026,4/9/2020,990,203436,103,209,2,4
Louisiana,"Caldwell, LA",Caldwell,17,M,0.8290946083,,LA,608,-33,-0.054276316,5797.54,35,-5762.54,-571.529,165.644,3.4713,4/9/2020,575,9918,182,18,0,0
Louisiana,"Cameron, LA",Cameron,17,B,0.9102167183,,LA,21,2,0.095238095,329.8437,35,-294.844,-20.5595,9.424105,2.44055,4/9/2020,23,6973,14,1,0,0
Louisiana,"Catahoula, LA",Catahoula,17,R,0.7246963563,,LA,71,-46,-0.647887324,263.3242,35,-228.324,-21.6771,7.523549,3.3229,4/9/2020,25,9494,179,17,11,1
Louisiana,"Claiborne, LA",Claiborne,17,R,0.5688073394,,LA,579,-69,-0.119170984,3254.627,35,-3219.63,-504.516,92.98933,5.4845,4/9/2020,510,15670,243,38,13,2
Louisiana,"Concordia, LA",Concordia,17,B,0.6257606491,,LA,140,-34,-0.242857143,550.392,35,-515.392,-99.2594,15.72549,6.74065,4/9/2020,106,19259,68,13,5,1
Louisiana,"De Soto, LA",De Soto,17,B,0.6095820591,,LA,92,-30,-0.326086957,225.7583,35,-190.758,-52.388,6.450237,9.61205,4/9/2020,62,27463,368,101,26,7
Louisiana,"East Baton Rouge, LA",East Baton Rouge,17,B,0.4517819706,,LA,1683,-296,-0.175876411,315.185,35,-280.185,-1232.98,9.005286,154.0207,4/9/2020,1387,440059,227,1000,8,36
Louisiana,"East Feliciana, LA",East Feliciana,17,M,0.5680655067,,LA,238,-11,-0.046218487,1186.308,35,-1151.31,-220.303,33.89451,6.69725,4/9/2020,227,19135,308,59,11,2
Louisiana,"Franklin, LA",Franklin,17,R,0.7235116044,,LA,822,-62,-0.075425791,3797.152,35,-3762.15,-752.995,108.4901,7.00525,4/9/2020,760,20015,185,37,0,0
Louisiana,"Iberia, LA",Iberia,17,R,0.6611909651,,LA,401,-49,-0.122194514,504.0813,35,-469.081,-327.56,14.40232,24.4405,4/9/2020,352,69830,155,108,7,5
Louisiana,"Iberville, LA",Iberville,17,B,0.4676923077,,LA,110,-15,-0.136363636,292.2088,35,-257.209,-83.6212,8.348823,11.37885,4/9/2020,95,32511,575,187,28,9
Louisiana,"Jackson, LA",Jackson,17,M,0.7071428571,,LA,161,-42,-0.260869565,755.8435,35,-720.843,-113.49,21.59553,5.5104,4/9/2020,119,15744,45,7,0,0
Louisiana,"Jefferson, LA",Jefferson,17,M,0.5772442589,,LA,1093,-165,-0.150960659,214.5699,35,-179.57,-776.627,6.13057,151.3726,4/9/2020,928,432493,1036,4480,37,158
Louisiana,"Jefferson Davis, LA",Jefferson Davis,17,R,0.7775489186,,LA,165,-49,-0.296969697,369.8036,35,-334.804,-105.021,10.56582,10.9788,4/9/2020,116,31368,96,30,6,2
Louisiana,"Lafayette, LA",Lafayette,17,R,0.6757322176,,LA,960,-247,-0.257291667,291.7468,35,-256.747,-627.464,8.335623,85.5365,4/9/2020,713,244390,124,303,5,11
Louisiana,"Lafourche, LA",Lafourche,17,R,0.7915376677,,LA,637,-99,-0.155416013,551.1504,35,-516.15,-503.835,15.74716,34.1649,4/9/2020,538,97614,403,393,11,11
Louisiana,"LaSalle, LA",LaSalle,17,M,0.906122449,,LA,67,-11,-0.164179104,376.0408,35,-341.041,-50.7878,10.74402,5.2122,4/9/2020,56,14892,60,9,0,0
Louisiana,"Lincoln, LA",Lincoln,17,R,0.6022964509,,LA,280,-35,-0.125,524.1539,35,-489.154,-228.64,14.97582,16.3597,4/9/2020,245,46742,60,28,0,0
Louisiana,"Livingston, LA",Livingston,17,B,0.8757763975,,LA,956,-160,-0.167364017,565.3851,35,-530.385,-746.724,16.15386,49.27615,4/9/2020,796,140789,73,103,1,1
Louisiana,"Madison, LA",Madison,17,R,0.412360689,,LA,34,-9,-0.264705882,228.2897,35,-193.29,-21.1672,6.522562,3.83285,4/9/2020,25,10951,18,2,0,0
Louisiana,"Morehouse, LA",Morehouse,17,M,0.5579268293,,LA,461,-15,-0.032537961,1793.037,35,-1758.04,-437.294,51.22963,8.7059,4/9/2020,446,24874,97,24,0,0
Louisiana,"Orleans, LA",Orleans,17,B,0.1539267016,,LA,1052,-239,-0.227186312,208.3846,35,-173.385,-676.45,5.953846,136.5504,4/9/2020,813,390144,1344,5242,57,224
Louisiana,"Ouachita, LA",Ouachita,17,R,0.6310380267,,LA,1195,-159,-0.133054393,675.8917,35,-640.892,-982.352,19.31119,53.64765,4/9/2020,1036,153279,196,300,3,4
Louisiana,"Plaquemines, LA",Plaquemines,17,M,0.6731958763,,LA,615,-40,-0.06504065,2478.769,35,-2443.77,-566.881,70.82197,8.11895,4/9/2020,575,23197,556,129,35,8
Louisiana,"Pointe Coupee, LA",Pointe Coupee,17,B,0.5875763747,,LA,104,-19,-0.182692308,391.1643,35,-356.164,-77.3945,11.17612,7.6055,4/9/2020,85,21730,147,32,5,1
Louisiana,"Rapides, LA",Rapides,17,M,0.6680412371,,LA,848,-104,-0.122641509,573.8615,35,-538.862,-698.623,16.39604,45.3768,4/9/2020,744,129648,114,148,3,4
Louisiana,"Red River, LA",Red River,17,B,0.5526046987,,LA,70,-14,-0.2,663.3499,35,-628.35,-53.0453,18.95285,2.9547,4/9/2020,56,8442,59,5,12,1
Louisiana,"Richland, LA",Richland,17,R,0.6656504065,,LA,741,-59,-0.079622132,3389.325,35,-3354.33,-674.957,96.83786,7.0427,4/9/2020,682,20122,80,16,0,0
Louisiana,"Sabine, LA",Sabine,17,R,0.82226762,,LA,200,-34,-0.17,695.026,35,-660.026,-157.641,19.85788,8.3594,4/9/2020,166,23884,34,8,0,0
Louisiana,"St. Charles, LA",St. Charles,17,B,0.6479591837,,LA,476,-53,-0.111344538,796.6102,35,-761.61,-404.415,22.76029,18.585,4/9/2020,423,53100,682,362,41,22
Louisiana,"St. Helena, LA",St. Helena,17,B,0.4271151886,,LA,48,-2,-0.041666667,454.0071,35,-419.007,-42.4538,12.97163,3.5462,4/9/2020,46,10132,109,11,0,0
Louisiana,"St. James, LA",St. James,17,B,0.4592668024,,LA,73,0,0,346.0372,35,-311.037,-65.6164,9.886776,7.3836,4/9/2020,73,21096,905,191,33,7
Louisiana,"St. John the Baptist, LA",St. John the Baptist,17,B,0.3743589744,,LA,162,-25,-0.154320988,319.817,35,-284.817,-122.007,9.137628,14.99295,4/9/2020,137,42837,1114,477,82,35
Louisiana,"St. Martin, LA",St. Martin,17,B,0.6711065574,,LA,229,-39,-0.170305677,355.5988,35,-320.599,-171.299,10.15997,18.70085,4/9/2020,190,53431,238,127,11,6
Louisiana,"St. Mary, LA",St. Mary,17,B,0.6408163265,,LA,220,-38,-0.172727273,368.8093,35,-333.809,-164.728,10.53741,17.2718,4/9/2020,182,49348,180,89,2,1
Louisiana,"St. Tammany, LA",St. Tammany,17,R,0.7662473795,,LA,937,-167,-0.178228388,295.6774,35,-260.677,-678.853,8.447924,91.14665,4/9/2020,770,260419,298,777,7,19
Louisiana,"Tangipahoa, LA",Tangipahoa,17,R,0.6680412371,,LA,594,-119,-0.2003367,352.4837,35,-317.484,-427.835,10.07096,47.1653,4/9/2020,475,134758,210,283,4,5
Louisiana,"Vermilion, LA",Vermilion,17,R,0.8073770492,,LA,142,-13,-0.091549296,216.7666,35,-181.767,-108.171,6.193333,20.82885,4/9/2020,129,59511,37,22,2,1
Louisiana,"Vernon, LA",Vernon,17,R,0.8350515464,,LA,139,-47,-0.338129496,193.9742,35,-158.974,-75.3999,5.542119,16.60015,4/9/2020,92,47429,23,11,0,0
Louisiana,"Washington, LA",Washington,17,R,0.687755102,,LA,164,-42,-0.256097561,264.1036,35,-229.104,-105.832,7.545816,16.1679,4/9/2020,122,46194,258,119,17,8
Louisiana,"Webster, LA",Webster,17,M,0.6483180428,,LA,638,-57,-0.089341693,1515.389,35,-1480.39,-567.581,43.29682,13.419,4/9/2020,581,38340,144,55,5,2
Louisiana,"West Baton Rouge, LA",West Baton Rouge,17,B,0.5630165289,,LA,315,-43,-0.136507937,1027.773,35,-992.773,-262.737,29.36493,9.26275,4/9/2020,272,26465,215,57,34,9
Louisiana,"West Carroll, LA",West Carroll,17,R,0.8475609756,,LA,25,2,0.08,249.3075,35,-214.307,-23.2095,7.123071,3.7905,4/9/2020,27,10830,9,1,0,0
Louisiana,"West Feliciana, LA",West Feliciana,17,M,0.6012332991,,LA,26,-10,-0.384615385,102.7749,35,-67.7749,-10.5512,2.936426,5.4488,4/9/2020,16,15568,244,38,0,0
Louisiana,"Winn, LA",Winn,17,R,0.7370030581,,LA,131,-19,-0.145038168,805.5236,35,-770.524,-107.134,23.01496,4.8664,4/9/2020,112,13904,50,7,14,2
Maryland,"Prince George's, MD",Prince George's,-23,B,0.08504098361,,MD,866,-114,-0.131639723,82.69852,35,-47.6985,-433.736,2.362815,318.2645,4/9/2020,752,909327,162,1476,4,35
Michigan,"Oakland, MI",Oakland,-1,M,0.4575026233,,MI,1282,-371,-0.289391576,72.44049,35,-37.4405,-470.846,2.069728,440.1544,4/9/2020,911,1257584,338,4247,20,246
Michigan,"Wayne, MI",Wayne,-1,B,0.3063343718,,MI,1410,-467,-0.331205674,53.90595,35,-18.906,-330.73,1.54017,612.2701,4/9/2020,943,1749343,577,10093,29,504
Mississippi,"Clay, MS",Clay,15,B,0.4204660588,,MS,61,4,0.06557377,336.5086,35,-301.509,-58.2394,9.614531,6.7606,4/9/2020,65,19316,73,14,0,0
Mississippi,"DeSoto, MS",DeSoto,15,R,0.3209494324,,MS,161,-28,-0.173913043,71.91327,35,-36.9133,-68.2693,2.054665,64.73075,4/9/2020,133,184945,81,150,1,1
Mississippi,"Forrest, MS",Forrest,15,M,0.5733471074,,MS,214,-58,-0.271028037,208.286,35,-173.286,-129.786,5.95103,26.21395,4/9/2020,156,74897,95,71,3,2
Mississippi,"Hancock, MS",Hancock,15,R,0.8047276465,,MS,194,-19,-0.097938144,367.4001,35,-332.4,-158.329,10.49714,16.6712,4/9/2020,175,47632,78,37,6,3
Mississippi,"Hinds, MS",Hinds,15,B,0.7190669371,,MS,483,-89,-0.18426501,169.9448,35,-134.945,-312.856,4.855565,81.144,4/9/2020,394,231840,88,203,1,2
Mississippi,"Kemper, MS",Kemper,15,M,0.3860887097,,MS,372,-19,-0.051075269,3623.486,35,-3588.49,-349.59,103.5282,3.4097,4/9/2020,353,9742,133,13,0,0
Mississippi,"Lamar, MS",Lamar,15,R,0.7854209446,,MS,100,-24,-0.24,119.9817,35,-84.9817,-53.83,3.428048,22.17005,4/9/2020,76,63343,38,24,2,1
Mississippi,"Marion, MS",Marion,15,R,0.683248731,,MS,303,-21,-0.069306931,1147.601,35,-1112.6,-273.399,32.7886,8.60055,4/9/2020,282,24573,65,16,0,0
Mississippi,"Perry, MS",Perry,15,R,0.7718052738,,MS,19,-9,-0.473684211,83.52126,35,-48.5213,-5.80945,2.386322,4.19055,4/9/2020,10,11973,117,14,8,1
Mississippi,"Tunica, MS",Tunica,15,M,0.2462006079,,MS,29,-3,-0.103448276,269.9336,35,-234.934,-22.6288,7.712387,3.3712,4/9/2020,26,9632,177,17,10,1
Mississippi,"Yazoo, MS",Yazoo,15,B,0.4666666667,,MS,522,21,0.040229885,1828.899,35,-1793.9,-532.609,52.25425,10.3915,4/9/2020,543,29690,158,47,3,1
Missouri,"Barry, MO",Barry,19,R,0.8078512397,,MO,38,-5,-0.131578947,92.2071,35,-57.2071,-20.4739,2.634489,12.52615,4/9/2020,33,35789,3,1,0,0
Missouri,"Bates, MO",Bates,19,R,0.7873684211,,MO,30,-9,-0.3,129.8541,35,-94.8541,-15.3398,3.710116,5.6602,4/9/2020,21,16172,25,4,0,0
Missouri,"Bollinger, MO",Bollinger,19,R,0.8728205128,,MO,17,-5,-0.294117647,98.90382,35,-63.9038,-7.75345,2.825823,4.24655,4/9/2020,12,12133,25,3,0,0
Missouri,"Buchanan, MO",Buchanan,19,R,0.6392742796,,MO,206,-77,-0.373786408,147.6581,35,-112.658,-98.4226,4.218802,30.5774,4/9/2020,129,87364,20,17,1,1
Missouri,"Cape Girardeau, MO",Cape Girardeau,19,R,0.7606659729,,MO,148,-12,-0.081081081,172.4335,35,-137.433,-108.395,4.92667,27.60485,4/9/2020,136,78871,30,24,1,1
Missouri,"Christian, MO",Christian,19,R,0.7846638655,,MO,100,-44,-0.44,63.20898,35,-28.209,-24.9918,1.805971,31.00825,4/9/2020,56,88595,19,17,0,0
Missouri,"Clark, MO",Clark,19,R,0.7726798749,,MO,7,-2,-0.285714286,73.56187,35,-38.5619,-2.62105,2.101768,2.37895,4/9/2020,5,6797,15,1,0,0
Missouri,"Cooper, MO",Cooper,19,R,0.7444561774,,MO,37,-13,-0.351351351,135.5243,35,-100.524,-17.8019,3.872123,6.19815,4/9/2020,24,17709,17,3,0,0
Missouri,"DeKalb, MO",DeKalb,19,R,0.8107255521,,MO,91,-22,-0.241758242,549.9323,35,-514.932,-64.6086,15.71235,4.39145,4/9/2020,69,12547,24,3,0,0
Missouri,"Henry, MO",Henry,19,R,0.750261233,,MO,97,-40,-0.412371134,261.1804,35,-226.18,-49.3616,7.462296,7.6384,4/9/2020,57,21824,9,2,5,1
Missouri,"Howard, MO",Howard,19,R,0.7200424178,,MO,11,-3,-0.272727273,79.992,35,-44.992,-4.49965,2.285486,3.50035,4/9/2020,8,10001,10,1,0,0
Missouri,"Johnson, MO",Johnson,19,M,0.6981740064,,MO,201,-107,-0.532338308,173.8744,35,-138.874,-75.0783,4.967841,18.9217,4/9/2020,94,54062,67,36,0,0
Missouri,"Livingston, MO",Livingston,19,R,0.7943632568,,MO,29,-6,-0.206896552,151.0475,35,-116.047,-17.6706,4.315642,5.32945,4/9/2020,23,15227,7,1,0,0
Missouri,"McDonald, MO",McDonald,19,R,0.8328141225,,MO,40,-16,-0.4,105.0926,35,-70.0926,-16.0071,3.002646,7.99295,4/9/2020,24,22837,18,4,0,0
Missouri,"Morgan, MO",Morgan,19,R,0.7923553719,,MO,75,-5,-0.066666667,339.361,35,-304.361,-62.7806,9.696029,7.21945,4/9/2020,70,20627,5,1,0,0
Missouri,"Perry, MO",Perry,19,R,0.8196891192,,MO,23,-4,-0.173913043,99.2893,35,-64.2893,-12.3024,2.836837,6.6976,4/9/2020,19,19136,162,31,0,0
Missouri,"Platte, MO",Platte,19,R,0.568544102,,MO,154,-41,-0.266233766,108.2189,35,-73.2189,-76.4537,3.091968,36.5463,4/9/2020,113,104418,20,21,0,0
Missouri,"Randolph, MO",Randolph,19,R,0.7676130389,,MO,57,-29,-0.50877193,113.1405,35,-78.1405,-19.3382,3.232584,8.6618,4/9/2020,28,24748,28,7,0,0
Missouri,"Saline, MO",Saline,19,R,0.6824894515,,MO,51,-4,-0.078431373,206.4936,35,-171.494,-39.0337,5.899816,7.96635,4/9/2020,47,22761,48,11,0,0
Missouri,"Scott, MO",Scott,19,R,0.7868177137,,MO,107,-26,-0.242990654,211.5987,35,-176.599,-67.602,6.045678,13.398,4/9/2020,81,38280,34,13,0,0
Missouri,"St. Louis city, MO",St. Louis city,19,B,0.1663179916,,MO,883,-144,-0.163080408,245.8613,35,-210.861,-633.798,7.024608,105.2016,4/9/2020,739,300576,166,498,4,13
Missouri,"Stone, MO",Stone,19,R,0.8195876289,,MO,72,-23,-0.319444444,153.355,35,-118.355,-37.8168,4.381572,11.1832,4/9/2020,49,31952,13,4,0,0
New Jersey,"Bergen, NJ",Bergen,-13,R,0.4381443299,,NJ,615,-152,-0.247154472,49.66735,35,-14.6673,-136.729,1.419067,326.2707,4/9/2020,463,932202,895,8343,37,345
New Jersey,"Salem, NJ",Salem,-13,R,0.5797705944,,NJ,286,-80,-0.27972028,330.2076,35,-295.208,-184.165,9.434502,21.83475,4/9/2020,206,62385,69,43,5,3
New York,"Chautauqua, NY",Chautauqua,-22,R,0.6300211416,,NY,165,-101,-0.612121212,50.43222,35,-15.4322,-19.584,1.440921,44.41605,4/9/2020,64,126903,14,18,1,1
New York,"New York City, NY",New York City,-22,M,0.1028806584,,NY,5447,-1239,-0.227464659,50.4749,35,-15.4749,-1290.11,1.44214,2917.886,4/9/2020,4208,8336817,1044,87028,62,5150
New York,"Westchester, NY",Westchester,-22,R,0.3309278351,,NY,643,-258,-0.401244168,39.79303,35,-4.79303,-46.3729,1.136944,338.6271,4/9/2020,385,967506,1758,17004,40,389
North Carolina,"Alamance, NC",Alamance,5,M,0.5661538462,,NC,358,-110,-0.30726257,146.3049,35,-111.305,-188.672,4.18014,59.32815,4/9/2020,248,169509,17,29,0,0
North Carolina,"Anson, NC",Anson,5,B,0.4362348178,,NC,52,-10,-0.192307692,171.8072,35,-136.807,-33.4439,4.908779,8.5561,4/9/2020,42,24446,37,9,0,0
North Carolina,"Buncombe, NC",Buncombe,5,M,0.4245867769,,NC,494,-155,-0.313765182,129.7901,35,-94.7901,-247.583,3.708288,91.41685,4/9/2020,339,261191,13,34,0,1
North Carolina,"Cabarrus, NC",Cabarrus,5,R,0.6030927835,,NC,326,-95,-0.291411043,106.7206,35,-71.7206,-155.241,3.049161,75.75855,4/9/2020,231,216453,40,86,1,2
North Carolina,"Carteret, NC",Carteret,5,M,0.7274590164,,NC,169,-50,-0.295857988,171.2896,35,-136.29,-94.6845,4.893988,24.31555,4/9/2020,119,69473,27,19,1,1
North Carolina,"Cherokee, NC",Cherokee,5,M,0.7920081967,,NC,129,-27,-0.209302326,356.4938,35,-321.494,-91.9858,10.18554,10.0142,4/9/2020,102,28612,32,9,4,1
North Carolina,"Cleveland, NC",Cleveland,5,R,0.656122449,,NC,297,-116,-0.390572391,184.7938,35,-149.794,-146.719,5.279823,34.28145,4/9/2020,181,97947,28,27,0,0
North Carolina,"Forsyth, NC",Forsyth,5,M,0.4474226804,,NC,817,-152,-0.186046512,173.9494,35,-138.949,-531.197,4.969984,133.8033,4/9/2020,665,382295,28,105,1,2
North Carolina,"Guilford, NC",Guilford,5,M,0.3973305955,,NC,1025,-183,-0.178536585,156.7462,35,-121.746,-653.989,4.478464,188.0109,4/9/2020,842,537174,23,125,2,8
North Carolina,"Lee, NC",Lee,5,M,0.5673175745,,NC,111,-22,-0.198198198,144.0619,35,-109.062,-67.3774,4.116054,21.62265,4/9/2020,89,61779,7,4,0,0
North Carolina,"New Hanover, NC",New Hanover,5,M,0.5212435233,,NC,448,-125,-0.279017857,137.7557,35,-102.756,-240.934,3.935878,82.06555,4/9/2020,323,234473,21,49,0,0
North Carolina,"Rowan, NC",Rowan,5,M,0.6878198567,,NC,366,-127,-0.346994536,168.2056,35,-133.206,-189.269,4.805875,49.7308,4/9/2020,239,142088,50,71,1,2
North Carolina,"Transylvania, NC",Transylvania,5,R,0.6156217883,,NC,82,-36,-0.43902439,133.7793,35,-98.7793,-33.9653,3.822265,12.03475,4/9/2020,46,34385,17,6,0,0
North Carolina,"Wake, NC",Wake,5,M,0.6064382139,,NC,1227,-166,-0.135289324,95.43418,35,-60.4342,-671.884,2.726691,389.1164,4/9/2020,1061,1111761,33,371,0,0
Oklahoma,"Mayes, OK",Mayes,34,M,0.7712486884,,OK,83,-31,-0.373493976,126.5207,35,-91.5207,-37.615,3.614877,14.385,4/9/2020,52,41100,29,12,5,2
Oklahoma,"Rogers, OK",Rogers,34,M,0.7968421053,,OK,245,-42,-0.171428571,219.5568,35,-184.557,-170.639,6.273051,32.36065,4/9/2020,203,92459,21,19,0,0
Oregon,"Crook, OR",Crook,-9,R,0.7637711864,,OR,48,-23,-0.479166667,102.4422,35,-67.4422,-16.4586,2.926921,8.5414,4/9/2020,25,24404,4,1,0,0
Oregon,"Deschutes, OR",Deschutes,-9,M,0.5205183585,,OR,289,-144,-0.498269896,73.34642,35,-38.3464,-75.8078,2.095612,69.1922,4/9/2020,145,197692,25,50,0,0
Oregon,"Douglas, OR",Douglas,-9,R,0.7101604278,,OR,194,-122,-0.628865979,64.87655,35,-29.8766,-33.157,1.853616,38.843,4/9/2020,72,110980,11,12,0,0
Oregon,"Josephine, OR",Josephine,-9,R,0.6680942184,,OR,170,-77,-0.452941176,106.3015,35,-71.3015,-62.3796,3.037186,30.62045,4/9/2020,93,87487,18,16,0,0
Pennsylvania,"Allegheny, PA",Allegheny,1,M,0.4149377593,,PA,2488,-774,-0.311093248,140.9487,35,-105.949,-1288.38,4.027107,425.6158,4/9/2020,1714,1216045,62,759,1,12
Pennsylvania,"Beaver, PA",Beaver,1,M,0.6041450777,,PA,250,-46,-0.184,124.4441,35,-89.4441,-146.625,3.555546,57.37515,4/9/2020,204,163929,79,129,8,13
Pennsylvania,"Bedford, PA",Bedford,1,R,0.8431771894,,PA,182,-29,-0.159340659,319.4955,35,-284.495,-136.239,9.128443,16.7608,4/9/2020,153,47888,8,4,0,0
Pennsylvania,"Blair, PA",Blair,1,R,0.7394002068,,PA,384,-135,-0.3515625,204.3848,35,-169.385,-206.36,5.839567,42.64015,4/9/2020,249,121829,5,6,0,0
Pennsylvania,"Bucks, PA",Bucks,1,M,0.5031185031,,PA,952,-218,-0.228991597,116.8288,35,-81.8288,-514.106,3.337964,219.8945,4/9/2020,734,628270,163,1022,5,28
Pennsylvania,"Cambria, PA",Cambria,1,R,0.6945304438,,PA,411,-69,-0.167883212,262.689,35,-227.689,-296.433,7.505399,45.5672,4/9/2020,342,130192,8,10,1,1
Pennsylvania,"Centre, PA",Centre,1,R,0.4900105152,,PA,221,-16,-0.07239819,126.2432,35,-91.2432,-148.165,3.606948,56.83475,4/9/2020,205,162385,36,59,0,0
Pennsylvania,"Clarion, PA",Clarion,1,R,0.7471383975,,PA,80,-12,-0.15,176.9083,35,-141.908,-54.5467,5.054522,13.4533,4/9/2020,68,38438,21,8,0,0
Pennsylvania,"Clearfield, PA",Clearfield,1,R,0.7559462254,,PA,179,-76,-0.424581006,129.9603,35,-94.9603,-75.2608,3.71315,27.73925,4/9/2020,103,79255,9,7,0,0
Pennsylvania,"Columbia, PA",Columbia,1,R,0.6719077568,,PA,199,-81,-0.407035176,181.6391,35,-146.639,-95.2626,5.189687,22.7374,4/9/2020,118,64964,100,65,3,2
Pennsylvania,"Crawford, PA",Crawford,1,R,0.700729927,,PA,152,-7,-0.046052632,171.3361,35,-136.336,-115.38,4.895316,29.62015,4/9/2020,145,84629,15,13,0,0
Pennsylvania,"Dauphin, PA",Dauphin,1,M,0.4854166667,,PA,1117,-205,-0.183527305,327.7051,35,-292.705,-814.595,9.363003,97.40465,4/9/2020,912,278299,65,180,1,2
Pennsylvania,"Franklin, PA",Franklin,1,R,0.7409326425,,PA,434,-105,-0.241935484,212.2211,35,-177.221,-274.741,6.06346,54.25945,4/9/2020,329,155027,34,52,0,0
Pennsylvania,"Greene, PA",Greene,1,R,0.7142857143,,PA,59,-26,-0.440677966,91.07719,35,-56.0772,-20.3185,2.602206,12.68155,4/9/2020,33,36233,58,21,0,0
Pennsylvania,"Indiana, PA",Indiana,1,R,0.6849740933,,PA,182,-34,-0.186813187,176.0375,35,-141.037,-118.574,5.029643,29.42555,4/9/2020,148,84073,25,21,0,0
Pennsylvania,"Juniata, PA",Juniata,1,R,0.8198757764,,PA,160,-28,-0.175,533.0533,35,-498.053,-123.333,15.2301,8.66705,4/9/2020,132,24763,93,23,0,0
Pennsylvania,"Lehigh, PA",Lehigh,1,M,0.476635514,,PA,734,-148,-0.201634877,158.6708,35,-123.671,-456.739,4.533453,129.2613,4/9/2020,586,369318,397,1466,4,13
Pennsylvania,"Montgomery, PA",Montgomery,1,M,0.3904465213,,PA,274,-73,-0.266423358,24.1902,35,10.8098,89.82025,0.691149,290.8203,4/9/2020,201,830915,204,1693,5,37
Pennsylvania,"Montour, PA",Montour,1,R,0.6491596639,,PA,27,-17,-0.62962963,54.85464,35,-19.8546,-3.6195,1.567275,6.3805,4/9/2020,10,18230,137,25,0,0
Pennsylvania,"Perry, PA",Perry,1,R,0.7711598746,,PA,83,-12,-0.144578313,153.4405,35,-118.441,-54.8048,4.384015,16.1952,4/9/2020,71,46272,32,15,2,1
Pennsylvania,"Schuylkill, PA",Schuylkill,1,R,0.7238883144,,PA,257,-82,-0.319066148,123.7983,35,-88.7983,-125.524,3.537094,49.47565,4/9/2020,175,141359,105,149,1,1
Pennsylvania,"Snyder, PA",Snyder,1,R,0.7460978148,,PA,112,-37,-0.330357143,185.7723,35,-150.772,-60.8698,5.30778,14.1302,4/9/2020,75,40372,22,9,3,1
Pennsylvania,"Susquehanna, PA",Susquehanna,1,R,0.7238493724,,PA,52,-13,-0.25,96.707,35,-61.707,-24.8852,2.763057,14.1148,4/9/2020,39,40328,40,16,3,1
Pennsylvania,"Tioga, PA",Tioga,1,R,0.780334728,,PA,82,-37,-0.451219512,110.862,35,-75.862,-30.7932,3.167486,14.20685,4/9/2020,45,40591,25,10,0,0
Pennsylvania,"Union, PA",Union,1,R,0.6330561331,,PA,37,-20,-0.540540541,37.84253,35,-2.84253,-1.27695,1.081215,15.72305,4/9/2020,17,44923,25,11,0,0
Pennsylvania,"Venango, PA",Venango,1,R,0.7210031348,,PA,176,-135,-0.767045455,80.91892,35,-45.9189,-23.2662,2.311969,17.7338,4/9/2020,41,50668,10,5,0,0
South Carolina,"Florence, SC",Florence,17,M,0.5257201646,,SC,369,-85,-0.230352304,205.3611,35,-170.361,-235.597,5.867459,48.40255,4/9/2020,284,138293,38,53,4,5
South Carolina,"Sumter, SC",Sumter,17,M,0.4381443299,,SC,295,-23,-0.077966102,254.8702,35,-219.87,-234.648,7.282005,37.35235,4/9/2020,272,106721,118,126,3,3
Tennessee,"Carter, TN",Carter,28,M,0.830753354,,TN,336,-123,-0.366071429,377.7198,35,-342.72,-193.263,10.792,19.73685,4/9/2020,213,56391,5,3,0,0
Tennessee,"Giles, TN",Giles,28,R,0.7321063395,,TN,171,-41,-0.239766082,441.2164,35,-406.216,-119.688,12.60618,10.3124,4/9/2020,130,29464,10,3,0,0
Tennessee,"Hamblen, TN",Hamblen,28,M,0.7954545455,,TN,363,-131,-0.360881543,357.2859,35,-322.286,-209.273,10.20817,22.7269,4/9/2020,232,64934,6,4,0,0
Tennessee,"Lawrence, TN",Lawrence,28,M,0.8150051387,,TN,280,-77,-0.275,459.8795,35,-424.879,-187.55,13.13941,15.4497,4/9/2020,203,44142,25,11,0,0
Tennessee,"Marshall, TN",Marshall,28,R,0.7412008282,,TN,151,-37,-0.245033113,331.6364,35,-296.636,-101.969,9.475325,12.03125,4/9/2020,114,34375,26,9,0,0
Tennessee,"Roane, TN",Roane,28,R,0.7664233577,,TN,207,0,0,387.7712,35,-352.771,-188.316,11.07918,18.6837,4/9/2020,207,53382,9,5,0,0
Tennessee,"Robertson, TN",Robertson,28,R,0.7453222453,,TN,496,-55,-0.110887097,614.0949,35,-579.095,-415.865,17.54557,25.13455,4/9/2020,441,71813,98,70,0,0
Tennessee,"Shelby, TN",Shelby,28,M,0.3570691434,,TN,2441,-516,-0.211388775,205.4065,35,-170.407,-1596.99,5.868758,328.0081,4/9/2020,1925,937166,107,1006,3,23
Texas,"Bell, TX",Bell,17,M,0.5793901157,,TX,878,-259,-0.29498861,170.5591,35,-135.559,-491.977,4.873118,127.0234,4/9/2020,619,362924,23,84,1,3
Texas,"Brown, TX",Brown,17,M,0.8812691914,,TX,169,-42,-0.24852071,335.4109,35,-300.411,-113.748,9.58317,13.2524,4/9/2020,127,37864,21,8,0,0
Texas,"Cooke, TX",Cooke,17,M,0.9007092199,,TX,20,0,0,48.47662,35,-13.4766,-5.56005,1.385046,14.43995,4/1/2020,20,41257,2,1,0,0
Texas,"Erath, TX",Erath,17,R,0.839835729,,TX,81,-31,-0.382716049,117.1015,35,-82.1015,-35.0557,3.345757,14.9443,4/9/2020,50,42698,23,10,2,1
Texas,"Hockley, TX",Hockley,17,M,0.8163481953,,TX,64,-15,-0.234375,212.8491,35,-177.849,-40.9427,6.081404,8.05735,4/9/2020,49,23021,52,12,4,1
Texas,"Hopkins, TX",Hopkins,17,M,0.8102040816,,TX,163,-32,-0.196319018,353.2521,35,-318.252,-118.021,10.09292,12.9794,4/9/2020,131,37084,11,4,0,0
Texas,"Liberty, TX",Liberty,17,B,0.7953156823,,TX,235,-26,-0.110638298,236.9104,35,-201.91,-178.123,6.768869,30.87665,4/9/2020,209,88219,17,15,0,0
Texas,"Rusk, TX",Rusk,17,B,0.7887755102,,TX,20,0,0,36.76065,35,-1.76065,-0.9579,1.050304,19.0421,4/9/2020,20,54406,26,14,0,0
Texas,"Titus, TX",Titus,17,M,0.7158974359,,TX,130,-41,-0.315384615,271.7557,35,-236.756,-77.5375,7.764449,11.4625,4/9/2020,89,32750,12,4,0,0
Texas,"Tom Green, TX",Tom Green,17,M,0.750261233,,TX,375,-38,-0.101333333,282.7181,35,-247.718,-295.28,8.077661,41.72,4/9/2020,337,119200,21,25,0,0
Texas,"Upshur, TX",Upshur,17,B,0.8476482618,,TX,20,0,0,47.90075,35,-12.9007,-5.38645,1.368593,14.61355,4/9/2020,20,41753,14,6,0,0
Texas,"Van Zandt, TX",Van Zandt,17,M,0.8682328907,,TX,131,0,0,231.4897,35,-196.49,-111.194,6.61399,19.8065,4/9/2020,131,56590,14,8,2,1
Texas,"Wilson, TX",Wilson,17,R,0.7448770492,,TX,78,-11,-0.141025641,131.1925,35,-96.1925,-49.1255,3.748357,17.8745,4/9/2020,67,51070,18,9,0,0
Texas,"Young, TX",Young,17,M,0.8829568789,,TX,20,0,0,111.0494,35,-76.0494,-13.6965,3.17284,6.3035,4/9/2020,20,18010,17,3,0,0
Utah,"Salt Lake, UT",Salt Lake,31,M,0.4323607427,,UT,2096,-588,-0.280534351,129.951,35,-94.951,-1101.85,3.712887,406.153,4/9/2020,1508,1160437,81,935,1,7
Virginia,"Brunswick, VA",Brunswick,0,R,0.4048830112,,VA,412,-17,-0.041262136,2433.615,35,-2398.61,-389.319,69.53185,5.68085,4/9/2020,395,16231,6,1,0,0
Virginia,"Chesapeake city, VA",Chesapeake city,0,R,0.5068205666,,VA,1025,21,0.020487805,427.2265,35,-392.226,-960.308,12.20647,85.69225,4/9/2020,1046,244835,41,101,0,1
Virginia,"Hanover, VA",Hanover,0,R,0.6712473573,,VA,385,-95,-0.246753247,269.1016,35,-234.102,-252.282,7.688616,37.7181,4/9/2020,290,107766,27,29,0,0
Virginia,"Hopewell city, VA",Hopewell city,0,R,0.4510416667,,VA,1407,-210,-0.149253731,5313.152,35,-5278.15,-1189.11,151.8043,7.88515,4/9/2020,1197,22529,58,13,0,0
Virginia,"Middlesex, VA",Middlesex,0,R,0.6348547718,,VA,179,-32,-0.17877095,1389.151,35,-1354.15,-143.296,39.69004,3.7037,4/9/2020,147,10582,19,2,0,0
Virginia,"Roanoke, VA",Roanoke,0,R,0.6473684211,,VA,935,-124,-0.132620321,861.0622,35,-826.062,-778.035,24.60178,32.9651,4/9/2020,811,94186,10,9,0,0
Virginia,"Rockbridge, VA",Rockbridge,0,R,0.6554621849,,VA,140,-47,-0.335714286,411.9966,35,-376.997,-85.0995,11.77133,7.90055,4/9/2020,93,22573,13,3,0,0
Virginia,"Staunton city, VA",Staunton city,0,R,0.4904051173,,VA,904,-127,-0.140486726,3116.477,35,-3081.48,-768.274,89.04219,8.7262,4/9/2020,777,24932,4,1,0,0
Virginia,"Suffolk city, VA",Suffolk city,0,R,0.4275286757,,VA,800,-57,-0.07125,806.6617,35,-771.662,-710.762,23.04748,32.2378,4/9/2020,743,92108,34,31,0,0
Virginia,"Virginia Beach city, VA",Virginia Beach city,0,R,0.5234541578,,VA,1518,-253,-0.166666667,281.1274,35,-246.127,-1107.51,8.03221,157.4909,4/9/2020,1265,449974,49,219,0,1
Virginia,"Warren, VA",Warren,0,R,0.6950578339,,VA,498,-109,-0.218875502,968.529,35,-933.529,-374.943,27.67226,14.0574,4/9/2020,389,40164,22,9,0,0
Virginia,"Washington, VA",Washington,0,R,0.7766287487,,VA,1997,-197,-0.098647972,3349.46,35,-3314.46,-1781.19,95.69887,18.809,4/9/2020,1800,53740,28,15,0,0
Virginia,"Williamsburg city, VA",Williamsburg city,0,R,0.2698412698,,VA,409,-77,-0.188264059,2220.142,35,-2185.14,-326.766,63.43262,5.2339,4/9/2020,332,14954,107,16,7,1
Washington,"King, WA",King,12,B,0.2313432836,,WA,2130,-584,-0.274178404,68.62626,35,-33.6263,-757.526,1.96075,788.4737,4/9/2020,1546,2252782,173,3888,12,260
Washington,"Snohomish, WA",Snohomish,12,B,0.40914037,,WA,805,-468,-0.58136646,40.99343,35,-5.99343,-49.271,1.171241,287.7291,4/9/2020,337,822083,207,1701,8,63
Wisconsin,"Brown, WI",Brown,1,R,0.5570824524,,WI,733,-138,-0.188267394,224.917,35,-189.917,-502.41,6.426201,92.5897,4/9/2020,595,264542,19,50,0,1
Wisconsin,"Kenosha, WI",Kenosha,1,M,0.5015839493,,WI,531,-100,-0.188323917,254.1858,35,-219.186,-371.654,7.262452,59.34635,4/9/2020,431,169561,80,135,1,1