State,CountyState,County,State_Profile,Jurisdiction_Profile,County_Profile,Stay_at_home_date,Stay_at_home,Business_Closures,State_Abbrev,PreCovid_Jail_Pop,Change_Pop,Percent_Change,Incarceration_Per_100K,International_Benchmark,Rate_Reduction_Match_Itnl_Norms,Add_Jail_to_Match_Pre-COVID_Intl_Avg,Jail_rate_is_X_time_norm,Target_Jail_Population,Date_Covid_Data,Jail_Population_Latest,Resident_population,Cases_Per_100K_Residents,COVID-19_Cases,Deaths_Per_100K_Residents,COVID-19_Deaths
Alabama,"Autauga, Alabama",Autauga,0.6451282051,R,0.7535934292,4/4/2020 17:00,Yes,AllNonEssential,AL,167,-30,-0.179640719,245.2165,35,-210.216,-117.446,7.006185,19.55415,4/9/2020,137,55869,30,17,2,1
Alabama,"Cherokee, Alabama",Cherokee,0.6451282051,M,0.8526422764,4/4/2020 17:00,Yes,AllNonEssential,AL,111,-38,-0.342342342,278.6685,35,-243.668,-63.8314,7.961957,9.1686,4/9/2020,73,26196,27,7,0,0
Alabama,"Dale, Alabama",Dale,0.6451282051,R,0.7576687117,4/4/2020 17:00,Yes,AllNonEssential,AL,69,-17,-0.246376812,105.7512,35,-70.7512,-34.7898,3.021464,17.2102,4/9/2020,52,49172,12,6,0,0
Alabama,"DeKalb, Alabama",DeKalb,0.6451282051,R,0.8555327869,4/4/2020 17:00,Yes,AllNonEssential,AL,176,-75,-0.426136364,141.2331,35,-106.233,-75.9705,4.03523,25.02955,4/9/2020,101,71513,22,16,0,0
Alabama,"Fayette, Alabama",Fayette,0.6451282051,M,0.831300813,4/4/2020 17:00,Yes,AllNonEssential,AL,80,-22,-0.275,355.7846,35,-320.785,-52.2943,10.16527,5.7057,4/9/2020,58,16302,6,1,0,0
Alabama,"Franklin, Alabama",Franklin,0.6451282051,M,0.8114754098,4/4/2020 17:00,Yes,AllNonEssential,AL,118,-31,-0.262711864,277.4058,35,-242.406,-76.0233,7.925879,10.9767,4/9/2020,87,31362,26,8,0,0
Alabama,"Jackson, Alabama",Jackson,0.6451282051,M,0.8198567042,4/4/2020 17:00,Yes,AllNonEssential,AL,179,-59,-0.329608939,232.441,35,-197.441,-101.931,6.641172,18.0691,4/9/2020,120,51626,43,22,4,2
Alabama,"Jefferson, Alabama",Jefferson,0.6451282051,M,0.5360824742,4/4/2020 17:00,Yes,AllNonEssential,AL,996,-226,-0.226907631,116.9195,35,-81.9195,-539.499,3.340556,230.5006,4/9/2020,770,658573,79,523,2,14
Alabama,"Marion, Alabama",Marion,0.6451282051,M,0.887195122,4/4/2020 17:00,Yes,AllNonEssential,AL,135,-28,-0.207407407,360.1602,35,-325.16,-96.6019,10.29029,10.39815,4/9/2020,107,29709,111,33,10,3
Alabama,"Pike, Alabama",Pike,0.6451282051,M,0.6038894575,4/4/2020 17:00,Yes,AllNonEssential,AL,62,-25,-0.403225806,111.7352,35,-76.7352,-25.4101,3.192435,11.5899,4/9/2020,37,33114,54,18,0,0
Alabama,"Pickens, Alabama",Pickens,0.6451282051,M,0.5786290323,4/4/2020 17:00,Yes,AllNonEssential,AL,109,-13,-0.119266055,481.6859,35,-446.686,-89.0245,13.76245,6.9755,4/9/2020,96,19930,95,19,0,0
Arkansas,"Baxter, Arkansas",Baxter,0.6411889597,M,0.7788259958,,No,None,AR,114,-36,-0.315789474,186.0155,35,-151.015,-63.3238,5.314727,14.6762,4/9/2020,78,41932,10,4,0,0
Arkansas,"Boone, Arkansas",Boone,0.6411889597,R,0.8065887354,,No,None,AR,110,-28,-0.254545455,219.0639,35,-184.064,-68.8988,6.258969,13.1012,4/9/2020,82,37432,8,3,0,0
Arkansas,"Columbia, Arkansas",Columbia,0.6411889597,R,0.6349534643,,No,None,AR,76,-19,-0.25,242.9978,35,-207.998,-48.7901,6.942795,8.20995,4/9/2020,57,23457,13,3,0,0
Arkansas,"Cross, Arkansas",Cross,0.6411889597,M,0.6962421712,,No,None,AR,67,-21,-0.313432836,280.1632,35,-245.163,-40.2534,8.004664,5.74665,4/9/2020,46,16419,37,6,0,0
Arkansas,"Faulkner, Arkansas",Faulkner,0.6411889597,R,0.6673866091,,No,None,AR,466,-255,-0.5472103,167.451,35,-132.451,-166.898,4.784315,44.10245,4/9/2020,211,126007,44,56,1,1
Arkansas,"Hempstead, Arkansas",Hempstead,0.6411889597,M,0.6496881497,,No,None,AR,67,-31,-0.462686567,167.193,35,-132.193,-28.4638,4.776943,7.5362,4/9/2020,36,21532,14,3,5,1
Arkansas,"Jefferson, Arkansas",Jefferson,0.6411889597,B,0.6304347826,,No,None,AR,358,-134,-0.374301676,335.2089,35,-300.209,-200.612,9.577397,23.3884,4/9/2020,224,66824,136,91,2,1
Arkansas,"Lonoke, Arkansas",Lonoke,0.6411889597,R,0.7790697674,,No,None,AR,290,-54,-0.186206897,321.925,35,-286.925,-210.342,9.197857,25.65815,4/9/2020,236,73309,36,26,0,0
Arkansas,"Monroe, Arkansas",Monroe,0.6411889597,B,0.5190525232,,No,None,AR,13,-8,-0.615384615,74.61573,35,-39.6157,-2.65465,2.131878,2.34535,4/9/2020,5,6701,15,1,0,0
Arkansas,"Poinsett, Arkansas",Poinsett,0.6411889597,M,0.6267232238,,No,None,AR,88,-54,-0.613636364,144.5087,35,-109.509,-25.7652,4.128819,8.2348,4/9/2020,34,23528,26,6,0,0
Arkansas,"Saline, Arkansas",Saline,0.6411889597,R,0.7301927195,,No,None,AR,240,-76,-0.316666667,133.9464,35,-98.9464,-121.147,3.827041,42.85295,4/9/2020,164,122437,25,31,1,1
Arkansas,"Stone, Arkansas",Stone,0.6411889597,M,0.7740232313,,No,None,AR,46,-17,-0.369565217,231.8887,35,-196.889,-24.6229,6.625391,4.3771,4/9/2020,29,12506,56,7,0,0
Arkansas,"Van Buren, Arkansas",Van Buren,0.6411889597,M,0.7769784173,,No,None,AR,85,-45,-0.529411765,241.7649,35,-206.765,-34.2093,6.907568,5.79075,4/9/2020,40,16545,157,26,6,1
Arkansas,"St. Francis, Arkansas",St. Francis,0.6411889597,R,0.5580678314,,No,None,AR,67,-43,-0.641791045,96.02305,35,-61.023,-15.2521,2.743516,8.7479,4/9/2020,24,24994,124,31,0,0
California,"Alameda, California",Alameda,0.3474576271,B,0.1581740977,3/19/2020 0:00,Yes,AllNonEssential,CA,2556,-618,-0.241784038,115.9556,35,-80.9556,-1353.03,3.313018,584.9652,4/9/2020,1938,1671329,44,734,1,17
California,"El Dorado, California",El Dorado,0.3474576271,R,0.5748116254,3/19/2020 0:00,Yes,AllNonEssential,CA,386,-78,-0.202072539,159.7154,35,-124.715,-240.505,4.563298,67.49505,4/9/2020,308,192843,16,30,0,0
California,"Fresno, California",Fresno,0.3474576271,R,0.4769392034,3/19/2020 0:00,Yes,AllNonEssential,CA,3079,-415,-0.134784021,266.6397,35,-231.64,-2314.31,7.618277,349.6854,4/9/2020,2664,999101,17,173,0,3
California,"Kings, California",Kings,0.3474576271,R,0.5749202976,3/19/2020 0:00,Yes,AllNonEssential,CA,589,-110,-0.186757216,313.1947,35,-278.195,-425.471,8.94842,53.529,4/9/2020,479,152940,5,7,0,0
California,"Los Angeles, California",Los Angeles,0.3474576271,B,0.246835443,3/19/2020 0:00,Yes,AllNonEssential,CA,17076,-4005,-0.234539705,130.2008,35,-95.2008,-9557.31,3.720024,3513.687,4/9/2020,13071,10039107,79,7955,2,223
California,"Marin, California",Marin,0.3474576271,B,0.1678986272,3/19/2020 0:00,Yes,AllNonEssential,CA,284,-126,-0.443661972,61.04487,35,-26.0449,-67.4109,1.744139,90.5891,4/9/2020,158,258826,60,154,4,10
California,"Merced, California",Merced,0.3474576271,R,0.4583772392,3/19/2020 0:00,Yes,AllNonEssential,CA,799,-112,-0.140175219,247.4071,35,-212.407,-589.812,7.068774,97.188,4/9/2020,687,277680,14,40,1,3
California,"Monterey, California",Monterey,0.3474576271,R,0.2895015907,3/19/2020 0:00,Yes,AllNonEssential,CA,870,-182,-0.209195402,158.5031,35,-123.503,-536.079,4.528659,151.9214,4/9/2020,688,434061,16,71,1,3
California,"Orange, California",Orange,0.3474576271,M,0.4591728526,3/19/2020 0:00,Yes,AllNonEssential,CA,5280,-1650,-0.3125,114.3058,35,-79.3058,-2518.51,3.26588,1111.492,4/9/2020,3630,3175692,34,1079,1,17
California,"Placer, California",Placer,0.3474576271,R,0.560298826,3/19/2020 0:00,Yes,AllNonEssential,CA,711,-129,-0.181434599,146.1104,35,-111.11,-442.585,4.174582,139.4152,4/9/2020,582,398329,30,120,1,4
California,"Riverside, California",Riverside,0.3474576271,M,0.4773445732,3/19/2020 0:00,Yes,AllNonEssential,CA,3828,-309,-0.080721003,142.4381,35,-107.438,-2654.31,4.069661,864.6911,4/9/2020,3519,2470546,52,1280,1,33
California,"San Francisco, California",San Francisco,0.3474576271,B,0.0990516333,3/19/2020 0:00,Yes,AllNonEssential,CA,1238,-472,-0.381260097,86.8925,35,-51.8925,-457.458,2.482643,308.5422,4/9/2020,766,881549,83,727,1,10
California,"Santa Clara, California",Santa Clara,0.3474576271,M,0.2218683652,3/19/2020 0:00,Yes,AllNonEssential,CA,3219,-789,-0.245107176,126.047,35,-91.047,-1755.25,3.601343,674.7482,4/9/2020,2430,1927852,75,1442,3,48
California,"Tehama, California",Tehama,0.3474576271,M,0.695329087,3/19/2020 0:00,Yes,AllNonEssential,CA,174,11,0.063218391,284.248,35,-249.248,-162.221,8.121373,22.7794,4/9/2020,185,65084,2,1,0,0
California,"Tulare, California",Tulare,0.3474576271,R,0.5638859556,3/19/2020 0:00,Yes,AllNonEssential,CA,1575,-417,-0.264761905,248.3939,35,-213.394,-994.832,7.096969,163.1683,4/9/2020,1158,466195,40,187,2,10
California,"Yuba, California",Yuba,0.3474576271,R,0.6297093649,3/19/2020 0:00,Yes,AllNonEssential,CA,376,-77,-0.204787234,380.0783,35,-345.078,-271.466,10.85938,27.5338,4/9/2020,299,78668,19,15,4,3
Florida,"Alachua, Florida",Alachua,0.5067079463,M,0.3815513627,4/3/2020 0:01,Yes,AllNonEssential,FL,724,-118,-0.162983425,225.2428,35,-190.243,-511.835,6.435509,94.16505,4/9/2020,606,269043,57,154,0,0
Florida,"Bradford, Florida",Bradford,0.5067079463,R,0.7528089888,4/3/2020 0:01,Yes,AllNonEssential,FL,180,-101,-0.561111111,280.1319,35,-245.132,-69.1297,8.003769,9.87035,4/9/2020,79,28201,71,20,0,0
Florida,"Gadsden, Florida",Gadsden,0.5067079463,B,0.3092573754,4/3/2020 0:01,Yes,AllNonEssential,FL,498,-372,-0.746987952,275.9527,35,-240.953,-110.019,7.884363,15.981,4/9/2020,126,45660,24,11,0,0
Florida,"Glades, Florida",Glades,0.5067079463,R,0.7020408163,4/3/2020 0:01,Yes,AllNonEssential,FL,69,0,0,499.6018,35,-464.602,-64.1662,14.27434,4.83385,4/9/2020,69,13811,29,4,7,1
Florida,"Hamilton, Florida",Hamilton,0.5067079463,R,0.64453524,4/3/2020 0:01,Yes,AllNonEssential,FL,83,-34,-0.409638554,339.6174,35,-304.617,-43.9502,9.703355,5.0498,4/9/2020,49,14428,7,1,0,0
Florida,"Hendry, Florida",Hendry,0.5067079463,R,0.5734840699,4/3/2020 0:01,Yes,AllNonEssential,FL,181,-13,-0.071823204,399.7906,35,-364.791,-153.292,11.42259,14.7077,4/9/2020,168,42022,31,13,0,0
Florida,"Levy, Florida",Levy,0.5067079463,M,0.7297019527,4/3/2020 0:01,Yes,AllNonEssential,FL,147,-41,-0.278911565,255.4032,35,-220.403,-91.474,7.297235,14.52605,4/9/2020,106,41503,15,6,0,0
Florida,"Nassau, Florida",Nassau,0.5067079463,M,0.7592975207,4/3/2020 0:01,Yes,AllNonEssential,FL,247,-75,-0.303643725,194.0762,35,-159.076,-140.981,5.545033,31.01875,4/9/2020,172,88625,36,32,0,0
Florida,"Okaloosa, Florida",Okaloosa,0.5067079463,R,0.751317176,4/3/2020 0:01,Yes,AllNonEssential,FL,679,-144,-0.212076583,253.8697,35,-218.87,-461.242,7.253421,73.7583,4/9/2020,535,210738,39,82,1,1
Florida,"Putnam, Florida",Putnam,0.5067079463,R,0.6878850103,4/3/2020 0:01,Yes,AllNonEssential,FL,330,-78,-0.236363636,338.1597,35,-303.16,-225.918,9.661706,26.08235,4/9/2020,252,74521,34,25,1,1
Florida,"Santa Rosa, Florida",Santa Rosa,0.5067079463,M,0.780104712,4/3/2020 0:01,Yes,AllNonEssential,FL,687,-174,-0.253275109,278.3309,35,-243.331,-448.49,7.952311,64.50955,4/9/2020,513,184313,52,96,1,2
Florida,"St. Johns, Florida",St. Johns,0.5067079463,R,0.6728778468,4/3/2020 0:01,Yes,AllNonEssential,FL,397,-22,-0.055415617,141.6848,35,-106.685,-282.365,4.048137,92.6352,4/9/2020,375,264672,62,163,1,2
Florida,"Sumter, Florida",Sumter,0.5067079463,R,0.6998982706,4/3/2020 0:01,Yes,AllNonEssential,FL,432,-62,-0.143518519,279.414,35,-244.414,-323.653,7.983257,46.347,4/9/2020,370,132420,76,100,5,7
Florida,"Suwannee, Florida",Suwannee,0.5067079463,R,0.7830092119,4/3/2020 0:01,Yes,AllNonEssential,FL,157,-16,-0.101910828,317.446,35,-282.446,-125.454,9.069886,15.54595,4/9/2020,141,44417,122,54,0,0
Florida,"Taylor, Florida",Taylor,0.5067079463,M,0.7627811861,4/3/2020 0:01,Yes,AllNonEssential,FL,126,-53,-0.420634921,338.4487,35,-303.449,-65.4509,9.669963,7.54915,4/9/2020,73,21569,5,1,0,0
Florida,"Walton, Florida",Walton,0.5067079463,M,0.7896907216,4/3/2020 0:01,Yes,AllNonEssential,FL,443,-53,-0.119638826,526.5219,35,-491.522,-364.075,15.04348,25.92485,4/9/2020,390,74071,35,26,0,0
Georgia,"Riverside, California",Bartow,0.5308641975,R,0.7845360825,4/3/2020 0:01,Yes,None,GA,680,-182,-0.267647059,462.2325,35,-427.232,-460.292,13.20664,37.7083,4/9/2020,498,107738,188,203,14,15
Georgia,"Camden, Georgia",Camden,0.5308641975,R,0.6752843847,4/3/2020 0:01,Yes,None,GA,132,-44,-0.333333333,160.9776,35,-125.978,-68.8669,4.599359,19.1331,4/9/2020,88,54666,35,19,0,0
Georgia,"Columbia, Georgia",Columbia,0.5308641975,R,0.6953367876,4/3/2020 0:01,Yes,None,GA,280,-65,-0.232142857,137.1926,35,-102.193,-160.15,3.919788,54.8499,4/9/2020,215,156714,37,58,0,0
Georgia,"Coweta, Georgia",Coweta,0.5308641975,R,0.7196261682,4/3/2020 0:01,Yes,None,GA,364,-108,-0.296703297,172.3801,35,-137.38,-204.022,4.925146,51.97815,4/9/2020,256,148509,59,87,1,2
Georgia,"Dougherty, Georgia",Dougherty,0.5308641975,B,0.3052738337,4/3/2020 0:01,Yes,None,GA,588,-187,-0.318027211,455.9098,35,-420.91,-370.215,13.02599,30.7846,4/9/2020,401,87956,1185,1042,75,66
Georgia,"Douglas, Georgia",Douglas,0.5308641975,R,0.4444444444,4/3/2020 0:01,Yes,None,GA,666,-222,-0.333333333,303.3968,35,-268.397,-392.78,8.66848,51.22005,4/9/2020,444,146343,92,134,3,5
Georgia,"Floyd, Georgia",Floyd,0.5308641975,M,0.7252066116,4/3/2020 0:01,Yes,None,GA,642,-223,-0.347352025,425.3893,35,-390.389,-384.526,12.15398,34.4743,4/9/2020,419,98498,102,100,5,5
Georgia,"Lumpkin, Georgia",Lumpkin,0.5308641975,R,0.8125,4/3/2020 0:01,Yes,None,GA,152,-71,-0.467105263,240.9997,35,-206,-69.2365,6.885706,11.7635,4/9/2020,81,33610,27,9,0,0
Illinois,"Cook, Illinois",Cook,0.4363233666,B,0.2233820459,3/21/2020 17:00,Yes,AllNonEssential,IL,5555,-1120,-0.201620162,86.11261,35,-51.1126,-2632.42,2.46036,1802.582,4/9/2020,4435,5150233,222,11415,7,351
Illinois,"Kankakee, Illinois",Kankakee,0.4363233666,M,0.5703703704,3/25/2020 13:30,Yes,AllNonEssential,IL,313,-48,-0.153354633,241.2117,35,-206.212,-226.548,6.891763,38.4517,4/9/2020,265,109862,142,156,6,7
Illinois,"Will, Illinois",Will,0.4363233666,M,0.470464135,3/25/2020 13:30,Yes,AllNonEssential,IL,696,-114,-0.163793103,84.2571,35,-49.2571,-340.24,2.407346,241.7601,4/9/2020,582,690743,147,1012,7,46
Indiana,"Boone, Indiana",Boone,0.6014721346,R,0.6584317938,3/24/2020 23:59,Yes,AllNonEssential,IN,171,-57,-0.333333333,168.035,35,-133.035,-90.255,4.801001,23.74505,4/9/2020,114,67843,124,84,3,2
Indiana,"Clinton, Indiana",Clinton,0.6014721346,R,0.751572327,3/24/2020 23:59,Yes,AllNonEssential,IN,147,-25,-0.170068027,376.5548,35,-341.555,-110.66,10.75871,11.33965,4/9/2020,122,32399,31,10,3,1
Indiana,"Dubois, Indiana",Dubois,0.6014721346,B,0.7123142251,3/24/2020 23:59,Yes,AllNonEssential,IN,76,-2,-0.026315789,173.1561,35,-138.156,-59.0424,4.947318,14.9576,4/9/2020,74,42736,23,10,0,0
Indiana,"Hancock, Indiana",Hancock,0.6014721346,B,0.7377919321,3/24/2020 23:59,Yes,AllNonEssential,IN,292,-105,-0.359589041,239.2283,35,-204.228,-159.641,6.835095,27.3588,4/9/2020,187,78168,128,100,3,2
Indiana,"Hendricks, Indiana",Hendricks,0.6014721346,M,0.6815286624,3/24/2020 23:59,Yes,AllNonEssential,IN,253,-90,-0.355731225,95.70726,35,-60.7073,-103.391,2.734493,59.60885,4/9/2020,163,170311,150,256,5,8
Indiana,"Howard, Indiana",Howard,0.6014721346,R,0.6786090622,3/24/2020 23:59,Yes,AllNonEssential,IN,447,-79,-0.176733781,445.8228,35,-410.823,-339.11,12.7378,28.8904,4/9/2020,368,82544,51,42,5,4
Indiana,"Jackson, Indiana",Jackson,0.6014721346,R,0.7699579832,3/24/2020 23:59,Yes,AllNonEssential,IN,252,-93,-0.369047619,359.4764,35,-324.476,-143.519,10.27075,15.48085,4/9/2020,159,44231,120,53,0,0
Indiana,"Knox, Indiana",Knox,0.6014721346,R,0.7455683003,3/24/2020 23:59,Yes,AllNonEssential,IN,194,-32,-0.164948454,442.6955,35,-407.696,-149.192,12.64844,12.8079,4/9/2020,162,36594,27,10,0,0
Indiana,"LaPorte, Indiana",LaPorte,0.6014721346,B,0.5338983051,3/24/2020 23:59,Yes,AllNonEssential,IN,331,-67,-0.202416918,240.2446,35,-205.245,-225.539,6.864132,38.4608,4/9/2020,264,109888,27,30,3,3
Indiana,"Marion, Indiana",Marion,0.6014721346,R,0.38,3/24/2020 23:59,Yes,AllNonEssential,IN,1987,-684,-0.344237544,135.0844,35,-100.084,-965.396,3.859555,337.6037,4/9/2020,1303,964582,250,2415,8,81
Indiana,"Pulaski, Indiana",Pulaski,0.6014721346,M,0.7439664218,3/24/2020 23:59,Yes,AllNonEssential,IN,88,10,0.113636364,793.3296,35,-758.33,-93.6765,22.66656,4.32355,4/9/2020,98,12353,8,1,0,0
Indiana,"Scott, Indiana",Scott,0.6014721346,R,0.6964656965,3/24/2020 23:59,Yes,AllNonEssential,IN,187,-72,-0.385026738,481.7157,35,-446.716,-106.644,13.76331,8.35555,4/9/2020,115,23873,50,12,8,2
Indiana,"Shelby, Indiana",Shelby,0.6014721346,M,0.7494714588,3/24/2020 23:59,Yes,AllNonEssential,IN,175,-45,-0.257142857,290.6392,35,-255.639,-114.345,8.303977,15.65515,4/9/2020,130,44729,136,61,5,2
Indiana,"Starke, Indiana",Starke,0.6014721346,M,0.71875,3/24/2020 23:59,Yes,AllNonEssential,IN,120,-23,-0.191666667,421.8308,35,-386.831,-88.9518,12.05231,8.04825,4/9/2020,97,22995,26,6,0,0
Indiana,"Vigo, Indiana",Vigo,0.6014721346,B,0.5794979079,3/24/2020 23:59,Yes,AllNonEssential,IN,294,-34,-0.115646259,242.9044,35,-207.904,-222.537,6.940125,37.4633,4/9/2020,260,107038,34,36,2,2
Indiana,"Washington, Indiana",Washington,0.6014721346,R,0.7565308255,3/24/2020 23:59,Yes,AllNonEssential,IN,127,4,0.031496063,467.2564,35,-432.256,-121.187,13.35018,9.8126,4/9/2020,131,28036,82,23,0,0
Indiana,"Whitley, Indiana",Whitley,0.6014721346,R,0.77028451,3/24/2020 23:59,Yes,AllNonEssential,IN,190,-107,-0.563157895,244.3764,35,-209.376,-71.1126,6.982183,11.8874,4/9/2020,83,33964,24,8,3,1
Kansas,"Cherokee, Kansas",Cherokee,0.6124197002,R,0.7542016807,3/30/2020 0:01,Yes,AllNonEssential,KS,85,-54,-0.635294118,155.4742,35,-120.474,-24.0214,4.44212,6.97865,4/9/2020,31,19939,25,5,0,0
Kansas,"Crawford, Kansas",Crawford,0.6124197002,R,0.6235294118,3/30/2020 0:01,Yes,AllNonEssential,KS,104,-44,-0.423076923,154.5675,35,-119.567,-46.4137,4.416213,13.5863,4/9/2020,60,38818,16,6,3,1
Kansas,"Jefferson, Kansas",Jefferson,0.6124197002,R,0.6727467811,3/30/2020 0:01,Yes,AllNonEssential,KS,22,1,0.045454545,120.7793,35,-85.7793,-16.335,3.450837,6.66505,4/9/2020,23,19043,26,5,0,0
Kansas,"Pratt, Kansas",Pratt,0.6124197002,R,0.7875185736,3/30/2020 0:01,Yes,AllNonEssential,KS,21,-13,-0.619047619,87.29812,35,-52.2981,-4.7926,2.494232,3.2074,4/9/2020,8,9164,11,1,0,0
Kentucky,"Adair, Kentucky",Adair,0.656512605,R,0.8335056877,03/26/2020 20:00,Yes,AllNonEssentialRetail,KY,111,-34,-0.306306306,400.9999,35,-366,-70.2793,11.45714,6.7207,4/9/2020,77,19202,47,9,5,1
Kentucky,"Allen, Kentucky",Allen,0.656512605,M,0.8271221532,03/26/2020 20:00,Yes,AllNonEssentialRetail,KY,75,-45,-0.6,140.746,35,-105.746,-22.5398,4.021313,7.46025,4/9/2020,30,21315,19,4,0,0
Kentucky,"Ballard, Kentucky",Ballard,0.656512605,M,0.7948453608,03/26/2020 20:00,Yes,AllNonEssentialRetail,KY,73,-16,-0.219178082,722.6166,35,-687.617,-54.2392,20.64619,2.7608,4/9/2020,57,7888,13,1,0,0
Kentucky,"Barren, Kentucky",Barren,0.656512605,M,0.759375,03/26/2020 20:00,Yes,AllNonEssentialRetail,KY,228,-82,-0.359649123,329.951,35,-294.951,-130.513,9.42717,15.48715,4/9/2020,146,44249,7,3,0,0
Kentucky,"Boone, Kentucky",Boone,0.656512605,M,0.7223404255,03/26/2020 20:00,Yes,AllNonEssentialRetail,KY,458,-59,-0.128820961,298.6952,35,-263.695,-352.247,8.534148,46.75335,4/9/2020,399,133581,34,46,1,1
Kentucky,"Bourbon, Kentucky",Bourbon,0.656512605,R,0.6663157895,03/26/2020 20:00,Yes,AllNonEssentialRetail,KY,242,-70,-0.289256198,869.2137,35,-834.214,-165.074,24.83468,6.9258,4/9/2020,172,19788,20,4,5,1
Kentucky,"Boyd, Kentucky",Boyd,0.656512605,M,0.6931106472,03/26/2020 20:00,Yes,AllNonEssentialRetail,KY,316,-96,-0.303797468,470.9106,35,-435.911,-203.649,13.45459,16.3513,4/9/2020,220,46718,47,22,4,2
Kentucky,"Boyle, Kentucky",Boyle,0.656512605,R,0.6523109244,03/26/2020 20:00,Yes,AllNonEssentialRetail,KY,272,-112,-0.411764706,532.2688,35,-497.269,-149.479,15.20768,10.521,4/9/2020,160,30060,43,13,0,0
Kentucky,"Breckinridge, Kentucky",Breckinridge,0.656512605,R,0.7681912682,03/26/2020 20:00,Yes,AllNonEssentialRetail,KY,203,-26,-0.128078818,864.3844,35,-829.384,-169.833,24.6967,7.16695,4/9/2020,177,20477,15,3,0,0
Kentucky,"Bullitt, Kentucky",Bullitt,0.656512605,M,0.760460251,03/26/2020 20:00,Yes,AllNonEssentialRetail,KY,295,-105,-0.355932203,232.6265,35,-197.626,-161.413,6.646471,28.5866,4/9/2020,190,81676,26,21,2,2
Kentucky,"Butler, Kentucky",Butler,0.656512605,R,0.8236514523,03/26/2020 20:00,Yes,AllNonEssentialRetail,KY,50,-11,-0.22,302.8185,35,-267.819,-34.4924,8.651958,4.50765,4/9/2020,39,12879,16,2,0,0
Kentucky,"Calloway, Kentucky",Calloway,0.656512605,M,0.6857749469,03/26/2020 20:00,Yes,AllNonEssentialRetail,KY,181,-53,-0.29281768,328.1967,35,-293.197,-114.35,9.377049,13.65035,4/9/2020,128,39001,21,8,3,1
Kentucky,"Campbell, Kentucky",Campbell,0.656512605,M,0.6310160428,03/26/2020 20:00,Yes,AllNonEssentialRetail,KY,607,-106,-0.174629325,535.3479,35,-500.348,-468.246,15.29565,32.7544,4/9/2020,501,93584,44,41,3,3
Kentucky,"Carroll, Kentucky",Carroll,0.656512605,R,0.7004175365,03/26/2020 20:00,Yes,AllNonEssentialRetail,KY,151,-53,-0.350993377,921.8324,35,-886.832,-94.2792,26.33807,3.72085,4/9/2020,98,10631,19,2,0,0
Kentucky,"Carter, Kentucky",Carter,0.656512605,M,0.76875,03/26/2020 20:00,Yes,AllNonEssentialRetail,KY,187,-5,-0.026737968,679.1805,35,-644.181,-172.621,19.40516,9.37895,4/9/2020,182,26797,4,1,0,0
Kentucky,"Christian, Kentucky",Christian,0.656512605,R,0.6628630705,03/26/2020 20:00,Yes,AllNonEssentialRetail,KY,770,-142,-0.184415584,891.2732,35,-856.273,-603.339,25.46495,24.66135,4/9/2020,628,70461,64,45,0,0
Kentucky,"Clark, Kentucky",Clark,0.656512605,R,0.6950578339,03/26/2020 20:00,Yes,AllNonEssentialRetail,KY,282,-102,-0.361702128,496.3737,35,-461.374,-167.308,14.18211,12.69205,4/9/2020,180,36263,30,11,0,0
Kentucky,"Crittenden, Kentucky",Crittenden,0.656512605,R,0.8419421488,03/26/2020 20:00,Yes,AllNonEssentialRetail,KY,209,-91,-0.435406699,1339.995,35,-1305,-114.918,38.28558,3.0821,4/9/2020,118,8806,34,3,0,0
Kentucky,"Daviess, Kentucky",Daviess,0.656512605,R,0.6712765957,03/26/2020 20:00,Yes,AllNonEssentialRetail,KY,709,-140,-0.197461213,560.5304,35,-525.53,-533.471,16.01515,35.52885,4/9/2020,569,101511,71,72,2,2
Kentucky,"Franklin, Kentucky",Franklin,0.656512605,M,0.5243644068,03/26/2020 20:00,Yes,AllNonEssentialRetail,KY,292,-96,-0.328767123,384.3816,35,-349.382,-178.153,10.98233,17.84685,4/9/2020,196,50991,20,10,0,0
Kentucky,"Grant, Kentucky",Grant,0.656512605,R,0.7918834547,03/26/2020 20:00,Yes,AllNonEssentialRetail,KY,211,-18,-0.085308057,769.8751,35,-734.875,-184.226,21.99643,8.77415,4/9/2020,193,25069,44,11,4,1
Kentucky,"Graves, Kentucky",Graves,0.656512605,M,0.7933541018,03/26/2020 20:00,Yes,AllNonEssentialRetail,KY,138,15,0.108695652,410.5619,35,-375.562,-139.957,11.73034,13.0431,4/9/2020,153,37266,13,5,0,0
Kentucky,"Greenup, Kentucky",Greenup,0.656512605,M,0.7357512953,03/26/2020 20:00,Yes,AllNonEssentialRetail,KY,127,-22,-0.173228346,299.1623,35,-264.162,-92.7157,8.547496,12.2843,4/9/2020,105,35098,6,2,0,0
Kentucky,"Hardin, Kentucky",Hardin,0.656512605,M,0.6592827004,03/26/2020 20:00,Yes,AllNonEssentialRetail,KY,766,-118,-0.154046997,584.0048,35,-549.005,-609.165,16.68585,38.8353,4/9/2020,648,110958,10,11,0,0
Kentucky,"Hart, Kentucky",Hart,0.656512605,R,0.7546391753,03/26/2020 20:00,Yes,AllNonEssentialRetail,KY,196,-52,-0.265306122,756.5012,35,-721.501,-137.338,21.61432,6.66225,4/9/2020,144,19035,5,1,0,0
Kentucky,"Henderson, Kentucky",Henderson,0.656512605,R,0.644723093,03/26/2020 20:00,Yes,AllNonEssentialRetail,KY,454,-105,-0.231277533,771.9531,35,-736.953,-333.177,22.0558,15.8235,4/9/2020,349,45210,51,23,0,0
Kentucky,"Hopkins, Kentucky",Hopkins,0.656512605,R,0.779854621,03/26/2020 20:00,Yes,AllNonEssentialRetail,KY,387,-56,-0.144702842,740.7242,35,-705.724,-315.36,21.16355,15.6401,4/9/2020,331,44686,172,77,13,6
Kentucky,"Jackson, Kentucky",Jackson,0.656512605,B,0.9099283521,03/26/2020 20:00,Yes,AllNonEssentialRetail,KY,125,-28,-0.224,727.7365,35,-692.737,-92.3349,20.79247,4.66515,4/9/2020,97,13329,23,3,0,0
Kentucky,"Jessamine, Kentucky",Jessamine,0.656512605,M,0.7136715391,03/26/2020 20:00,Yes,AllNonEssentialRetail,KY,149,-62,-0.416107383,160.7687,35,-125.769,-68.0598,4.593392,18.94025,4/9/2020,87,54115,33,18,0,0
Kentucky,"Johnson, Kentucky",Johnson,0.656512605,B,0.8650875386,03/26/2020 20:00,Yes,AllNonEssentialRetail,KY,195,-49,-0.251282051,658.0133,35,-623.013,-138.234,18.80038,7.7658,4/9/2020,146,22188,5,1,0,0
Kentucky,"Kenton, Kentucky",Kenton,0.656512605,M,0.6391862955,03/26/2020 20:00,Yes,AllNonEssentialRetail,KY,713,-344,-0.482468443,220.9607,35,-185.961,-310.551,6.313164,58.4493,4/9/2020,369,166998,48,80,5,8
Kentucky,"Knox, Kentucky",Knox,0.656512605,B,0.8484536082,03/26/2020 20:00,Yes,AllNonEssentialRetail,KY,337,-28,-0.083086053,992.1336,35,-957.134,-298.099,28.34667,10.90075,4/9/2020,309,31145,3,1,0,0
Kentucky,"Larue, Kentucky",Larue,0.656512605,R,0.7895287958,03/26/2020 20:00,Yes,AllNonEssentialRetail,KY,133,-20,-0.15037594,784.8312,35,-749.831,-107.961,22.42375,5.0393,4/9/2020,113,14398,21,3,0,0
Kentucky,"Laurel, Kentucky",Laurel,0.656512605,B,0.8565531476,03/26/2020 20:00,Yes,AllNonEssentialRetail,KY,609,-21,-0.034482759,966.8985,35,-931.899,-566.715,27.62567,21.28455,4/9/2020,588,60813,5,3,0,0
Kentucky,"Leslie, Kentucky",Leslie,0.656512605,B,0.9094608342,03/26/2020 20:00,Yes,AllNonEssentialRetail,KY,215,-5,-0.023255814,2126.152,35,-2091.15,-206.543,60.74719,3.45695,4/9/2020,210,9877,10,1,0,0
Kentucky,"Letcher, Kentucky",Letcher,0.656512605,M,0.8252326784,03/26/2020 20:00,Yes,AllNonEssentialRetail,KY,110,-21,-0.190909091,412.9356,35,-377.936,-81.4565,11.79816,7.54355,4/9/2020,89,21553,5,1,0,0
Kentucky,"Lewis, Kentucky",Lewis,0.656512605,R,0.8477366255,03/26/2020 20:00,Yes,AllNonEssentialRetail,KY,66,-13,-0.196969697,399.2467,35,-364.247,-48.3538,11.40705,4.64625,4/9/2020,53,13275,15,2,0,0
Kentucky,"Lincoln, Kentucky",Lincoln,0.656512605,B,0.7970863684,03/26/2020 20:00,Yes,AllNonEssentialRetail,KY,147,-69,-0.469387755,317.7319,35,-282.732,-69.4079,9.078054,8.59215,4/9/2020,78,24549,4,1,0,0
Kentucky,"Logan, Kentucky",Logan,0.656512605,R,0.7386363636,03/26/2020 20:00,Yes,AllNonEssentialRetail,KY,176,-49,-0.278409091,468.6001,35,-433.6,-117.514,13.38857,9.4857,4/9/2020,127,27102,18,5,0,0
Kentucky,"Madison, Kentucky",Madison,0.656512605,M,0.6652542373,03/26/2020 20:00,Yes,AllNonEssentialRetail,KY,345,-99,-0.286956522,264.5531,35,-229.553,-213.455,7.55866,32.54545,4/9/2020,246,92987,15,14,1,1
Kentucky,"Marion, Kentucky",Marion,0.656512605,R,0.656964657,03/26/2020 20:00,Yes,AllNonEssentialRetail,KY,298,-46,-0.154362416,1307.529,35,-1272.53,-245.254,37.35796,6.74555,4/9/2020,252,19273,26,5,0,0
Kentucky,"Mason, Kentucky",Mason,0.656512605,R,0.7150313152,03/26/2020 20:00,Yes,AllNonEssentialRetail,KY,184,-62,-0.336956522,714.7042,35,-679.704,-116.026,20.42012,5.9745,4/9/2020,122,17070,18,3,0,0
Kentucky,"McCracken, Kentucky",McCracken,0.656512605,M,0.6945606695,03/26/2020 20:00,Yes,AllNonEssentialRetail,KY,556,-150,-0.269784173,620.6243,35,-585.624,-383.104,17.73212,22.8963,4/9/2020,406,65418,20,13,2,1
Kentucky,"Montgomery, Kentucky",Montgomery,0.656512605,R,0.7130977131,03/26/2020 20:00,Yes,AllNonEssentialRetail,KY,203,-65,-0.320197044,490.109,35,-455.109,-128.145,14.00312,9.85495,4/9/2020,138,28157,25,7,0,0
Kentucky,"Muhlenberg, Kentucky",Muhlenberg,0.656512605,R,0.7415036045,03/26/2020 20:00,Yes,AllNonEssentialRetail,KY,261,-46,-0.176245211,702.1096,35,-667.11,-204.282,20.06027,10.7177,4/9/2020,215,30622,85,26,0,0
Kentucky,"Nelson, Kentucky",Nelson,0.656512605,R,0.6760710554,03/26/2020 20:00,Yes,AllNonEssentialRetail,KY,117,-34,-0.290598291,179.5254,35,-144.525,-66.8185,5.129298,16.18155,4/9/2020,83,46233,15,7,0,0
Kentucky,"Oldham, Kentucky",Oldham,0.656512605,M,0.6655982906,03/26/2020 20:00,Yes,AllNonEssentialRetail,KY,292,-44,-0.150684932,371.263,35,-336.263,-224.62,10.60752,23.37965,4/9/2020,248,66799,17,11,0,0
Kentucky,"Pike, Kentucky",Pike,0.656512605,B,0.8215384615,03/26/2020 20:00,Yes,AllNonEssentialRetail,KY,416,-44,-0.105769231,642.7535,35,-607.753,-351.743,18.36438,20.2566,4/9/2020,372,57876,2,1,0,0
Kentucky,"Pulaski, Kentucky",Pulaski,0.656512605,B,0.8448810755,03/26/2020 20:00,Yes,AllNonEssentialRetail,KY,341,-115,-0.337243402,347.8047,35,-312.805,-203.257,9.937276,22.74265,4/9/2020,226,64979,40,26,2,1
Kentucky,"Rockcastle, Kentucky",Rockcastle,0.656512605,B,0.8596311475,03/26/2020 20:00,Yes,AllNonEssentialRetail,KY,100,-26,-0.26,443.2465,35,-408.246,-68.1568,12.66419,5.84325,4/9/2020,74,16695,36,6,0,0
Kentucky,"Russell, Kentucky",Russell,0.656512605,R,0.8624229979,03/26/2020 20:00,Yes,AllNonEssentialRetail,KY,115,-23,-0.2,513.3069,35,-478.307,-85.727,14.66591,6.27305,4/9/2020,92,17923,22,4,0,0
Kentucky,"Scott, Kentucky",Scott,0.656512605,M,0.661358811,03/26/2020 20:00,Yes,AllNonEssentialRetail,KY,128,-53,-0.4140625,131.5697,35,-96.5697,-55.0486,3.759135,19.9514,4/9/2020,75,57004,37,21,0,0
Kentucky,"Shelby, Kentucky",Shelby,0.656512605,M,0.677589852,03/26/2020 20:00,Yes,AllNonEssentialRetail,KY,283,-116,-0.409893993,340.6495,35,-305.649,-149.842,9.732842,17.1584,4/9/2020,167,49024,27,13,0,0
Kentucky,"Taylor, Kentucky",Taylor,0.656512605,R,0.7650727651,03/26/2020 20:00,Yes,AllNonEssentialRetail,KY,246,-86,-0.349593496,620.9011,35,-585.901,-150.981,17.74003,9.01915,4/9/2020,160,25769,12,3,0,0
Kentucky,"Todd, Kentucky",Todd,0.656512605,R,0.7761806982,03/26/2020 20:00,Yes,AllNonEssentialRetail,KY,140,-19,-0.135714286,984.2199,35,-949.22,-116.697,28.12057,4.3029,4/9/2020,121,12294,24,3,0,0
Kentucky,"Union, Kentucky",Union,0.656512605,R,0.7796086509,03/26/2020 20:00,Yes,AllNonEssentialRetail,KY,75,-16,-0.213333333,410.2635,35,-375.264,-53.9667,11.72182,5.03335,4/9/2020,59,14381,21,3,0,0
Kentucky,"Warren, Kentucky",Warren,0.656512605,M,0.6284501062,03/26/2020 20:00,Yes,AllNonEssentialRetail,KY,668,-113,-0.169161677,417.6198,35,-382.62,-508.486,11.93199,46.5136,4/9/2020,555,132896,26,35,0,0
Kentucky,"Wayne, Kentucky",Wayne,0.656512605,B,0.8165983607,03/26/2020 20:00,Yes,AllNonEssentialRetail,KY,192,-31,-0.161458333,791.8163,35,-756.816,-153.883,22.62332,7.11655,4/9/2020,161,20333,20,4,0,0
Kentucky,"Webster, Kentucky",Webster,0.656512605,R,0.7796086509,03/26/2020 20:00,Yes,AllNonEssentialRetail,KY,274,-31,-0.113138686,1877.608,35,-1842.61,-238.47,53.64594,4.5297,4/9/2020,243,12942,54,7,0,0
Kentucky,"Whitley, Kentucky",Whitley,0.656512605,B,0.8456790123,03/26/2020 20:00,Yes,AllNonEssentialRetail,KY,307,-70,-0.228013029,653.5407,35,-618.541,-224.308,18.67259,12.6924,4/9/2020,237,36264,3,1,0,0
Kentucky,"Woodford, Kentucky",Woodford,0.656512605,M,0.608137045,03/26/2020 20:00,Yes,AllNonEssentialRetail,KY,133,-27,-0.203007519,396.4988,35,-361.499,-96.6431,11.32854,9.3569,4/9/2020,106,26734,49,13,0,0
Louisiana,"Acadia, Louisiana",Acadia,0.6020725389,R,0.7895812053,03/23/2020 17:00,Yes,None,LA,170,10,0.058823529,290.112,35,-255.112,-158.284,8.288915,21.71575,4/9/2020,180,62045,143,89,5,3
Louisiana,"Allen, Louisiana",Allen,0.6020725389,M,0.7651905252,03/23/2020 17:00,Yes,None,LA,119,-53,-0.445378151,257.5409,35,-222.541,-57.0306,7.358311,8.96945,4/9/2020,66,25627,258,66,20,5
Louisiana,"Ascension, Louisiana",Ascension,0.6020725389,M,0.6871101871,03/23/2020 17:00,Yes,None,LA,476,-117,-0.245798319,283.5613,35,-248.561,-314.689,8.101753,44.3114,4/9/2020,359,126604,292,370,13,17
Louisiana,"Assumption, Louisiana",Assumption,0.6020725389,B,0.6305015353,03/23/2020 17:00,Yes,None,LA,109,-21,-0.19266055,401.9917,35,-366.992,-80.3382,11.48548,7.66185,4/9/2020,88,21891,429,94,0,0
Louisiana,"Avoyelles, Louisiana",Avoyelles,0.6020725389,B,0.6895491803,03/23/2020 17:00,Yes,None,LA,409,-52,-0.127139364,889.2985,35,-854.299,-342.95,25.40853,14.0504,4/9/2020,357,40144,140,56,3,1
Louisiana,"Beauregard, Louisiana",Beauregard,0.6020725389,R,0.8362512873,03/23/2020 17:00,Yes,None,LA,147,-28,-0.19047619,317.3587,35,-282.359,-105.876,9.067392,13.12395,4/9/2020,119,37497,69,26,3,1
Louisiana,"Bienville, Louisiana",Bienville,0.6020725389,M,0.5452695829,03/23/2020 17:00,Yes,None,LA,40,-10,-0.25,226.569,35,-191.569,-25.3657,6.4734,4.63435,4/9/2020,30,13241,181,24,8,1
Louisiana,"Bossier, Louisiana",Bossier,0.6020725389,R,0.7370600414,03/23/2020 17:00,Yes,None,LA,1078,24,0.022263451,867.4502,35,-832.45,-1057.54,24.78429,44.46365,4/9/2020,1102,127039,135,171,6,7
Louisiana,"Caddo, Louisiana",Caddo,0.6020725389,R,0.4783057851,03/23/2020 17:00,Yes,None,LA,1289,-213,-0.165244375,447.9526,35,-412.953,-991.929,12.79864,84.0714,4/9/2020,1076,240204,377,906,11,26
Louisiana,"Calcasieu, Louisiana",Calcasieu,0.6020725389,M,0.6732570239,03/23/2020 17:00,Yes,None,LA,1261,-271,-0.214908803,486.6395,35,-451.64,-918.797,13.90399,71.2026,4/9/2020,990,203436,103,209,2,4
Louisiana,"Caldwell, Louisiana",Caldwell,0.6020725389,M,0.8290946083,03/23/2020 17:00,Yes,None,LA,608,-33,-0.054276316,5797.54,35,-5762.54,-571.529,165.644,3.4713,4/9/2020,575,9918,182,18,0,0
Louisiana,"Cameron, Louisiana",Cameron,0.6020725389,B,0.9102167183,03/23/2020 17:00,Yes,None,LA,21,2,0.095238095,329.8437,35,-294.844,-20.5595,9.424105,2.44055,4/9/2020,23,6973,14,1,0,0
Louisiana,"Catahoula, Louisiana",Catahoula,0.6020725389,R,0.7246963563,03/23/2020 17:00,Yes,None,LA,71,-46,-0.647887324,263.3242,35,-228.324,-21.6771,7.523549,3.3229,4/9/2020,25,9494,179,17,11,1
Louisiana,"Claiborne, Louisiana",Claiborne,0.6020725389,R,0.5688073394,03/23/2020 17:00,Yes,None,LA,579,-69,-0.119170984,3254.627,35,-3219.63,-504.516,92.98933,5.4845,4/9/2020,510,15670,243,38,13,2
Louisiana,"Concordia, Louisiana",Concordia,0.6020725389,B,0.6257606491,03/23/2020 17:00,Yes,None,LA,140,-34,-0.242857143,550.392,35,-515.392,-99.2594,15.72549,6.74065,4/9/2020,106,19259,68,13,5,1
Louisiana,"De Soto, Louisiana",De Soto,0.6020725389,B,0.6095820591,03/23/2020 17:00,Yes,None,LA,92,-30,-0.326086957,225.7583,35,-190.758,-52.388,6.450237,9.61205,4/9/2020,62,27463,368,101,26,7
Louisiana,"East Baton Rouge, Louisiana",East Baton Rouge,0.6020725389,B,0.4517819706,03/23/2020 17:00,Yes,None,LA,1683,-296,-0.175876411,315.185,35,-280.185,-1232.98,9.005286,154.0207,4/9/2020,1387,440059,227,1000,8,36
Louisiana,"East Feliciana, Louisiana",East Feliciana,0.6020725389,M,0.5680655067,03/23/2020 17:00,Yes,None,LA,238,-11,-0.046218487,1186.308,35,-1151.31,-220.303,33.89451,6.69725,4/9/2020,227,19135,308,59,11,2
Louisiana,"Franklin, Louisiana",Franklin,0.6020725389,R,0.7235116044,03/23/2020 17:00,Yes,None,LA,822,-62,-0.075425791,3797.152,35,-3762.15,-752.995,108.4901,7.00525,4/9/2020,760,20015,185,37,0,0
Louisiana,"Iberia, Louisiana",Iberia,0.6020725389,R,0.6611909651,03/23/2020 17:00,Yes,None,LA,401,-49,-0.122194514,504.0813,35,-469.081,-327.56,14.40232,24.4405,4/9/2020,352,69830,155,108,7,5
Louisiana,"Iberville, Louisiana",Iberville,0.6020725389,B,0.4676923077,03/23/2020 17:00,Yes,None,LA,110,-15,-0.136363636,292.2088,35,-257.209,-83.6212,8.348823,11.37885,4/9/2020,95,32511,575,187,28,9
Louisiana,"Jackson, Louisiana",Jackson,0.6020725389,M,0.7071428571,03/23/2020 17:00,Yes,None,LA,161,-42,-0.260869565,755.8435,35,-720.843,-113.49,21.59553,5.5104,4/9/2020,119,15744,45,7,0,0
Louisiana,"Jefferson, Louisiana",Jefferson,0.6020725389,M,0.5772442589,03/23/2020 17:00,Yes,None,LA,1093,-165,-0.150960659,214.5699,35,-179.57,-776.627,6.13057,151.3726,4/9/2020,928,432493,1036,4480,37,158
Louisiana,"Jefferson Davis, Louisiana",Jefferson Davis,0.6020725389,R,0.7775489186,03/23/2020 17:00,Yes,None,LA,165,-49,-0.296969697,369.8036,35,-334.804,-105.021,10.56582,10.9788,4/9/2020,116,31368,96,30,6,2
Louisiana,"Lafayette, Louisiana",Lafayette,0.6020725389,R,0.6757322176,03/23/2020 17:00,Yes,None,LA,960,-247,-0.257291667,291.7468,35,-256.747,-627.464,8.335623,85.5365,4/9/2020,713,244390,124,303,5,11
Louisiana,"Lafourche, Louisiana",Lafourche,0.6020725389,R,0.7915376677,03/23/2020 17:00,Yes,None,LA,637,-99,-0.155416013,551.1504,35,-516.15,-503.835,15.74716,34.1649,4/9/2020,538,97614,403,393,11,11
Louisiana,"LaSalle, Louisiana",LaSalle,0.6020725389,M,0.906122449,03/23/2020 17:00,Yes,None,LA,67,-11,-0.164179104,376.0408,35,-341.041,-50.7878,10.74402,5.2122,4/9/2020,56,14892,60,9,0,0
Louisiana,"Lincoln, Louisiana",Lincoln,0.6020725389,R,0.6022964509,03/23/2020 17:00,Yes,None,LA,280,-35,-0.125,524.1539,35,-489.154,-228.64,14.97582,16.3597,4/9/2020,245,46742,60,28,0,0
Louisiana,"Livingston, Louisiana",Livingston,0.6020725389,B,0.8757763975,03/23/2020 17:00,Yes,None,LA,956,-160,-0.167364017,565.3851,35,-530.385,-746.724,16.15386,49.27615,4/9/2020,796,140789,73,103,1,1
Louisiana,"Madison, Louisiana",Madison,0.6020725389,R,0.412360689,03/23/2020 17:00,Yes,None,LA,34,-9,-0.264705882,228.2897,35,-193.29,-21.1672,6.522562,3.83285,4/9/2020,25,10951,18,2,0,0
Louisiana,"Morehouse, Louisiana",Morehouse,0.6020725389,M,0.5579268293,03/23/2020 17:00,Yes,None,LA,461,-15,-0.032537961,1793.037,35,-1758.04,-437.294,51.22963,8.7059,4/9/2020,446,24874,97,24,0,0
Louisiana,"Orleans, Louisiana",Orleans,0.6020725389,B,0.1539267016,03/23/2020 17:00,Yes,None,LA,1052,-239,-0.227186312,208.3846,35,-173.385,-676.45,5.953846,136.5504,4/9/2020,813,390144,1344,5242,57,224
Louisiana,"Ouachita, Louisiana",Ouachita,0.6020725389,R,0.6310380267,03/23/2020 17:00,Yes,None,LA,1195,-159,-0.133054393,675.8917,35,-640.892,-982.352,19.31119,53.64765,4/9/2020,1036,153279,196,300,3,4
Louisiana,"Plaquemines, Louisiana",Plaquemines,0.6020725389,M,0.6731958763,03/23/2020 17:00,Yes,None,LA,615,-40,-0.06504065,2478.769,35,-2443.77,-566.881,70.82197,8.11895,4/9/2020,575,23197,556,129,35,8
Louisiana,"Pointe Coupee, Louisiana",Pointe Coupee,0.6020725389,B,0.5875763747,03/23/2020 17:00,Yes,None,LA,104,-19,-0.182692308,391.1643,35,-356.164,-77.3945,11.17612,7.6055,4/9/2020,85,21730,147,32,5,1
Louisiana,"Rapides, Louisiana",Rapides,0.6020725389,M,0.6680412371,03/23/2020 17:00,Yes,None,LA,848,-104,-0.122641509,573.8615,35,-538.862,-698.623,16.39604,45.3768,4/9/2020,744,129648,114,148,3,4
Louisiana,"Red River, Louisiana",Red River,0.6020725389,B,0.5526046987,03/23/2020 17:00,Yes,None,LA,70,-14,-0.2,663.3499,35,-628.35,-53.0453,18.95285,2.9547,4/9/2020,56,8442,59,5,12,1
Louisiana,"Richland, Louisiana",Richland,0.6020725389,R,0.6656504065,03/23/2020 17:00,Yes,None,LA,741,-59,-0.079622132,3389.325,35,-3354.33,-674.957,96.83786,7.0427,4/9/2020,682,20122,80,16,0,0
Louisiana,"Sabine, Louisiana",Sabine,0.6020725389,R,0.82226762,03/23/2020 17:00,Yes,None,LA,200,-34,-0.17,695.026,35,-660.026,-157.641,19.85788,8.3594,4/9/2020,166,23884,34,8,0,0
Louisiana,"St. Charles, Louisiana",St. Charles,0.6020725389,B,0.6479591837,03/23/2020 17:00,Yes,None,LA,476,-53,-0.111344538,796.6102,35,-761.61,-404.415,22.76029,18.585,4/9/2020,423,53100,682,362,41,22
Louisiana,"St. Helena, Louisiana",St. Helena,0.6020725389,B,0.4271151886,03/23/2020 17:00,Yes,None,LA,48,-2,-0.041666667,454.0071,35,-419.007,-42.4538,12.97163,3.5462,4/9/2020,46,10132,109,11,0,0
Louisiana,"St. James, Louisiana",St. James,0.6020725389,B,0.4592668024,03/23/2020 17:00,Yes,None,LA,73,0,0,346.0372,35,-311.037,-65.6164,9.886776,7.3836,4/9/2020,73,21096,905,191,33,7
Louisiana,"St. John the Baptist, Louisiana",St. John the Baptist,0.6020725389,B,0.3743589744,03/23/2020 17:00,Yes,None,LA,162,-25,-0.154320988,319.817,35,-284.817,-122.007,9.137628,14.99295,4/9/2020,137,42837,1114,477,82,35
Louisiana,"St. Martin, Louisiana",St. Martin,0.6020725389,B,0.6711065574,03/23/2020 17:00,Yes,None,LA,229,-39,-0.170305677,355.5988,35,-320.599,-171.299,10.15997,18.70085,4/9/2020,190,53431,238,127,11,6
Louisiana,"St. Mary, Louisiana",St. Mary,0.6020725389,B,0.6408163265,03/23/2020 17:00,Yes,None,LA,220,-38,-0.172727273,368.8093,35,-333.809,-164.728,10.53741,17.2718,4/9/2020,182,49348,180,89,2,1
Louisiana,"St. Tammany, Louisiana",St. Tammany,0.6020725389,R,0.7662473795,03/23/2020 17:00,Yes,None,LA,937,-167,-0.178228388,295.6774,35,-260.677,-678.853,8.447924,91.14665,4/9/2020,770,260419,298,777,7,19
Louisiana,"Tangipahoa, Louisiana",Tangipahoa,0.6020725389,R,0.6680412371,03/23/2020 17:00,Yes,None,LA,594,-119,-0.2003367,352.4837,35,-317.484,-427.835,10.07096,47.1653,4/9/2020,475,134758,210,283,4,5
Louisiana,"Vermilion, Louisiana",Vermilion,0.6020725389,R,0.8073770492,03/23/2020 17:00,Yes,None,LA,142,-13,-0.091549296,216.7666,35,-181.767,-108.171,6.193333,20.82885,4/9/2020,129,59511,37,22,2,1
Louisiana,"Vernon, Louisiana",Vernon,0.6020725389,R,0.8350515464,03/23/2020 17:00,Yes,None,LA,139,-47,-0.338129496,193.9742,35,-158.974,-75.3999,5.542119,16.60015,4/9/2020,92,47429,23,11,0,0
Louisiana,"Washington, Louisiana",Washington,0.6020725389,R,0.687755102,03/23/2020 17:00,Yes,None,LA,164,-42,-0.256097561,264.1036,35,-229.104,-105.832,7.545816,16.1679,4/9/2020,122,46194,258,119,17,8
Louisiana,"Webster, Louisiana",Webster,0.6020725389,M,0.6483180428,03/23/2020 17:00,Yes,None,LA,638,-57,-0.089341693,1515.389,35,-1480.39,-567.581,43.29682,13.419,4/9/2020,581,38340,144,55,5,2
Louisiana,"West Baton Rouge, Louisiana",West Baton Rouge,0.6020725389,B,0.5630165289,03/23/2020 17:00,Yes,None,LA,315,-43,-0.136507937,1027.773,35,-992.773,-262.737,29.36493,9.26275,4/9/2020,272,26465,215,57,34,9
Louisiana,"West Carroll, Louisiana",West Carroll,0.6020725389,R,0.8475609756,03/23/2020 17:00,Yes,None,LA,25,2,0.08,249.3075,35,-214.307,-23.2095,7.123071,3.7905,4/9/2020,27,10830,9,1,0,0
Louisiana,"West Feliciana, Louisiana",West Feliciana,0.6020725389,M,0.6012332991,03/23/2020 17:00,Yes,None,LA,26,-10,-0.384615385,102.7749,35,-67.7749,-10.5512,2.936426,5.4488,4/9/2020,16,15568,244,38,0,0
Louisiana,"Winn, Louisiana",Winn,0.6020725389,R,0.7370030581,03/23/2020 17:00,Yes,None,LA,131,-19,-0.145038168,805.5236,35,-770.524,-107.134,23.01496,4.8664,4/9/2020,112,13904,50,7,14,2
Maryland,"Prince George's, Maryland",Prince George's,0.3684759916,B,0.08504098361,03/30/2020 20:00,Yes,AllNonEssential,MD,866,-114,-0.131639723,82.69852,35,-47.6985,-433.736,2.362815,318.2645,4/9/2020,752,909327,162,1476,4,35
Michigan,"Oakland, Michigan",Oakland,0.5015806112,M,0.4575026233,03/24/2020 0:01,Yes,AllNonEssential,MI,1282,-371,-0.289391576,72.44049,35,-37.4405,-470.846,2.069728,440.1544,4/9/2020,911,1257584,338,4247,20,246
Michigan,"Wayne, Michigan",Wayne,0.5015806112,B,0.3063343718,03/24/2020 0:01,Yes,AllNonEssential,MI,1410,-467,-0.331205674,53.90595,35,-18.906,-330.73,1.54017,612.2701,4/9/2020,943,1749343,577,10093,29,504
Mississippi,"Clay, Mississippi",Clay,0.5948979592,B,0.4204660588,04/03/2020 17:00,Yes,AllNonEssential,MS,61,4,0.06557377,336.5086,35,-301.509,-58.2394,9.614531,6.7606,4/9/2020,65,19316,73,14,0,0
Mississippi,"DeSoto, Mississippi",DeSoto,0.5948979592,R,0.3209494324,03/24/2020 0:01,Yes,AllNonEssential,MS,161,-28,-0.173913043,71.91327,35,-36.9133,-68.2693,2.054665,64.73075,4/9/2020,133,184945,81,150,1,1
Mississippi,"Forrest, Mississippi",Forrest,0.5948979592,M,0.5733471074,03/24/2020 0:01,Yes,AllNonEssential,MS,214,-58,-0.271028037,208.286,35,-173.286,-129.786,5.95103,26.21395,4/9/2020,156,74897,95,71,3,2
Mississippi,"Hancock, Mississippi",Hancock,0.5948979592,R,0.8047276465,03/24/2020 0:01,Yes,AllNonEssential,MS,194,-19,-0.097938144,367.4001,35,-332.4,-158.329,10.49714,16.6712,4/9/2020,175,47632,78,37,6,3
Mississippi,"Hinds, Mississippi",Hinds,0.5948979592,B,0.7190669371,03/24/2020 0:01,Yes,AllNonEssential,MS,483,-89,-0.18426501,169.9448,35,-134.945,-312.856,4.855565,81.144,4/9/2020,394,231840,88,203,1,2
Mississippi,"Kemper, Mississippi",Kemper,0.5948979592,M,0.3860887097,03/24/2020 0:01,Yes,AllNonEssential,MS,372,-19,-0.051075269,3623.486,35,-3588.49,-349.59,103.5282,3.4097,4/9/2020,353,9742,133,13,0,0
Mississippi,"Lamar, Mississippi",Lamar,0.5948979592,R,0.7854209446,03/24/2020 0:01,Yes,AllNonEssential,MS,100,-24,-0.24,119.9817,35,-84.9817,-53.83,3.428048,22.17005,4/9/2020,76,63343,38,24,2,1
Mississippi,"Marion, Mississippi",Marion,0.5948979592,R,0.683248731,03/24/2020 0:01,Yes,AllNonEssential,MS,303,-21,-0.069306931,1147.601,35,-1112.6,-273.399,32.7886,8.60055,4/9/2020,282,24573,65,16,0,0
Mississippi,"Perry, Mississippi",Perry,0.5948979592,R,0.7718052738,03/24/2020 0:01,Yes,AllNonEssential,MS,19,-9,-0.473684211,83.52126,35,-48.5213,-5.80945,2.386322,4.19055,4/9/2020,10,11973,117,14,8,1
Mississippi,"Tunica, Mississippi",Tunica,0.5948979592,M,0.2462006079,03/24/2020 0:01,Yes,AllNonEssential,MS,29,-3,-0.103448276,269.9336,35,-234.934,-22.6288,7.712387,3.3712,4/9/2020,26,9632,177,17,10,1
Mississippi,"Yazoo, Mississippi",Yazoo,0.5948979592,B,0.4666666667,03/24/2020 0:01,Yes,AllNonEssential,MS,522,21,0.040229885,1828.899,35,-1793.9,-532.609,52.25425,10.3915,4/9/2020,543,29690,158,47,3,1
Missouri,"Barry, Missouri",Barry,0.6004206099,R,0.8078512397,04/06/2020 0:01,Yes,AllNonEssential,MO,38,-5,-0.131578947,92.2071,35,-57.2071,-20.4739,2.634489,12.52615,4/9/2020,33,35789,3,1,0,0
Missouri,"Bates, Missouri",Bates,0.6004206099,R,0.7873684211,04/06/2020 0:01,Yes,AllNonEssential,MO,30,-9,-0.3,129.8541,35,-94.8541,-15.3398,3.710116,5.6602,4/9/2020,21,16172,25,4,0,0
Missouri,"Bollinger, Missouri",Bollinger,0.6004206099,R,0.8728205128,04/06/2020 0:01,Yes,AllNonEssential,MO,17,-5,-0.294117647,98.90382,35,-63.9038,-7.75345,2.825823,4.24655,4/9/2020,12,12133,25,3,0,0
Missouri,"Buchanan, Missouri",Buchanan,0.6004206099,R,0.6392742796,04/06/2020 0:01,Yes,AllNonEssential,MO,206,-77,-0.373786408,147.6581,35,-112.658,-98.4226,4.218802,30.5774,4/9/2020,129,87364,20,17,1,1
Missouri,"Cape Girardeau, Missouri",Cape Girardeau,0.6004206099,R,0.7606659729,04/06/2020 0:01,Yes,AllNonEssential,MO,148,-12,-0.081081081,172.4335,35,-137.433,-108.395,4.92667,27.60485,4/9/2020,136,78871,30,24,1,1
Missouri,"Christian, Missouri",Christian,0.6004206099,R,0.7846638655,04/06/2020 0:01,Yes,AllNonEssential,MO,100,-44,-0.44,63.20898,35,-28.209,-24.9918,1.805971,31.00825,4/9/2020,56,88595,19,17,0,0
Missouri,"Clark, Missouri",Clark,0.6004206099,R,0.7726798749,04/06/2020 0:01,Yes,AllNonEssential,MO,7,-2,-0.285714286,73.56187,35,-38.5619,-2.62105,2.101768,2.37895,4/9/2020,5,6797,15,1,0,0
Missouri,"Cooper, Missouri",Cooper,0.6004206099,R,0.7444561774,04/06/2020 0:01,Yes,AllNonEssential,MO,37,-13,-0.351351351,135.5243,35,-100.524,-17.8019,3.872123,6.19815,4/9/2020,24,17709,17,3,0,0
Missouri,"DeKalb, Missouri",DeKalb,0.6004206099,R,0.8107255521,04/06/2020 0:01,Yes,AllNonEssential,MO,91,-22,-0.241758242,549.9323,35,-514.932,-64.6086,15.71235,4.39145,4/9/2020,69,12547,24,3,0,0
Missouri,"Henry, Missouri",Henry,0.6004206099,R,0.750261233,04/06/2020 0:01,Yes,AllNonEssential,MO,97,-40,-0.412371134,261.1804,35,-226.18,-49.3616,7.462296,7.6384,4/9/2020,57,21824,9,2,5,1
Missouri,"Howard, Missouri",Howard,0.6004206099,R,0.7200424178,04/06/2020 0:01,Yes,AllNonEssential,MO,11,-3,-0.272727273,79.992,35,-44.992,-4.49965,2.285486,3.50035,4/9/2020,8,10001,10,1,0,0
Missouri,"Johnson, Missouri",Johnson,0.6004206099,M,0.6981740064,04/06/2020 0:01,Yes,AllNonEssential,MO,201,-107,-0.532338308,173.8744,35,-138.874,-75.0783,4.967841,18.9217,4/9/2020,94,54062,67,36,0,0
Missouri,"Livingston, Missouri",Livingston,0.6004206099,R,0.7943632568,04/06/2020 0:01,Yes,AllNonEssential,MO,29,-6,-0.206896552,151.0475,35,-116.047,-17.6706,4.315642,5.32945,4/9/2020,23,15227,7,1,0,0
Missouri,"McDonald, Missouri",McDonald,0.6004206099,R,0.8328141225,04/06/2020 0:01,Yes,AllNonEssential,MO,40,-16,-0.4,105.0926,35,-70.0926,-16.0071,3.002646,7.99295,4/9/2020,24,22837,18,4,0,0
Missouri,"Morgan, Missouri",Morgan,0.6004206099,R,0.7923553719,04/06/2020 0:01,Yes,AllNonEssential,MO,75,-5,-0.066666667,339.361,35,-304.361,-62.7806,9.696029,7.21945,4/9/2020,70,20627,5,1,0,0
Missouri,"Perry, Missouri",Perry,0.6004206099,R,0.8196891192,04/06/2020 0:01,Yes,AllNonEssential,MO,23,-4,-0.173913043,99.2893,35,-64.2893,-12.3024,2.836837,6.6976,4/9/2020,19,19136,162,31,0,0
Missouri,"Platte, Missouri",Platte,0.6004206099,R,0.568544102,04/06/2020 0:01,Yes,AllNonEssential,MO,154,-41,-0.266233766,108.2189,35,-73.2189,-76.4537,3.091968,36.5463,4/9/2020,113,104418,20,21,0,0
Missouri,"Randolph, Missouri",Randolph,0.6004206099,R,0.7676130389,04/06/2020 0:01,Yes,AllNonEssential,MO,57,-29,-0.50877193,113.1405,35,-78.1405,-19.3382,3.232584,8.6618,4/9/2020,28,24748,28,7,0,0
Missouri,"Saline, Missouri",Saline,0.6004206099,R,0.6824894515,04/06/2020 0:01,Yes,AllNonEssential,MO,51,-4,-0.078431373,206.4936,35,-171.494,-39.0337,5.899816,7.96635,4/9/2020,47,22761,48,11,0,0
Missouri,"Scott, Missouri",Scott,0.6004206099,R,0.7868177137,04/06/2020 0:01,Yes,AllNonEssential,MO,107,-26,-0.242990654,211.5987,35,-176.599,-67.602,6.045678,13.398,4/9/2020,81,38280,34,13,0,0
Missouri,"St. Louis city, Missouri",St. Louis city,0.6004206099,B,0.1663179916,04/06/2020 0:01,Yes,AllNonEssential,MO,883,-144,-0.163080408,245.8613,35,-210.861,-633.798,7.024608,105.2016,4/9/2020,739,300576,166,498,4,13
Missouri,"Stone, Missouri",Stone,0.6004206099,R,0.8195876289,04/06/2020 0:01,Yes,AllNonEssential,MO,72,-23,-0.319444444,153.355,35,-118.355,-37.8168,4.381572,11.1832,4/9/2020,49,31952,13,4,0,0
New Jersey,"Bergen, New Jersey",Bergen,0.4318181818,R,0.4381443299,03/21/2020 21:00,Yes,AllNonEssentialRetail,NJ,615,-152,-0.247154472,49.66735,35,-14.6673,-136.729,1.419067,326.2707,4/9/2020,463,932202,895,8343,37,345
New Jersey,"Salem, New Jersey",Salem,0.4318181818,R,0.5797705944,03/21/2020 21:00,Yes,AllNonEssentialRetail,NJ,286,-80,-0.27972028,330.2076,35,-295.208,-184.165,9.434502,21.83475,4/9/2020,206,62385,69,43,5,3
New York,"Chautauqua, New York",Chautauqua,0.3894080997,R,0.6300211416,03/22/2020 20:00,Yes,AllNonEssential,NY,165,-101,-0.612121212,50.43222,35,-15.4322,-19.584,1.440921,44.41605,4/9/2020,64,126903,14,18,1,1
New York,"Westchester, New York",Westchester,0.3894080997,R,0.3309278351,03/22/2020 20:00,Yes,AllNonEssential,NY,643,-258,-0.401244168,39.79303,35,-4.79303,-46.3729,1.136944,338.6271,4/9/2020,385,967506,1758,17004,40,389
North Carolina,"Alamance, North Carolina",Alamance,0.5195473251,M,0.5661538462,03/30/2020 17:00,Yes,AllNonEssential,NC,358,-110,-0.30726257,146.3049,35,-111.305,-188.672,4.18014,59.32815,4/9/2020,248,169509,17,29,0,0
North Carolina,"Anson, North Carolina",Anson,0.5195473251,B,0.4362348178,03/30/2020 17:00,Yes,AllNonEssential,NC,52,-10,-0.192307692,171.8072,35,-136.807,-33.4439,4.908779,8.5561,4/9/2020,42,24446,37,9,0,0
North Carolina,"Buncombe, North Carolina",Buncombe,0.5195473251,M,0.4245867769,03/30/2020 17:00,Yes,AllNonEssential,NC,494,-155,-0.313765182,129.7901,35,-94.7901,-247.583,3.708288,91.41685,4/9/2020,339,261191,13,34,0,1
North Carolina,"Cabarrus, North Carolina",Cabarrus,0.5195473251,R,0.6030927835,03/30/2020 17:00,Yes,AllNonEssential,NC,326,-95,-0.291411043,106.7206,35,-71.7206,-155.241,3.049161,75.75855,4/9/2020,231,216453,40,86,1,2
North Carolina,"Carteret, North Carolina",Carteret,0.5195473251,M,0.7274590164,03/30/2020 17:00,Yes,AllNonEssential,NC,169,-50,-0.295857988,171.2896,35,-136.29,-94.6845,4.893988,24.31555,4/9/2020,119,69473,27,19,1,1
North Carolina,"Cherokee, North Carolina",Cherokee,0.5195473251,M,0.7920081967,03/30/2020 17:00,Yes,AllNonEssential,NC,129,-27,-0.209302326,356.4938,35,-321.494,-91.9858,10.18554,10.0142,4/9/2020,102,28612,32,9,4,1
North Carolina,"Cleveland, North Carolina",Cleveland,0.5195473251,R,0.656122449,03/30/2020 17:00,Yes,AllNonEssential,NC,297,-116,-0.390572391,184.7938,35,-149.794,-146.719,5.279823,34.28145,4/9/2020,181,97947,28,27,0,0
North Carolina,"Forsyth, North Carolina",Forsyth,0.5195473251,M,0.4474226804,03/30/2020 17:00,Yes,AllNonEssential,NC,817,-152,-0.186046512,173.9494,35,-138.949,-531.197,4.969984,133.8033,4/9/2020,665,382295,28,105,1,2
North Carolina,"Guilford, North Carolina",Guilford,0.5195473251,M,0.3973305955,03/30/2020 17:00,Yes,AllNonEssential,NC,1025,-183,-0.178536585,156.7462,35,-121.746,-653.989,4.478464,188.0109,4/9/2020,842,537174,23,125,2,8
North Carolina,"Lee, North Carolina",Lee,0.5195473251,M,0.5673175745,03/30/2020 17:00,Yes,AllNonEssential,NC,111,-22,-0.198198198,144.0619,35,-109.062,-67.3774,4.116054,21.62265,4/9/2020,89,61779,7,4,0,0
North Carolina,"New Hanover, North Carolina",New Hanover,0.5195473251,M,0.5212435233,03/30/2020 17:00,Yes,AllNonEssential,NC,448,-125,-0.279017857,137.7557,35,-102.756,-240.934,3.935878,82.06555,4/9/2020,323,234473,21,49,0,0
North Carolina,"Rowan, North Carolina",Rowan,0.5195473251,M,0.6878198567,03/30/2020 17:00,Yes,AllNonEssential,NC,366,-127,-0.346994536,168.2056,35,-133.206,-189.269,4.805875,49.7308,4/9/2020,239,142088,50,71,1,2
North Carolina,"Transylvania, North Carolina",Transylvania,0.5195473251,R,0.6156217883,03/30/2020 17:00,Yes,AllNonEssential,NC,82,-36,-0.43902439,133.7793,35,-98.7793,-33.9653,3.822265,12.03475,4/9/2020,46,34385,17,6,0,0
North Carolina,"Wake, North Carolina",Wake,0.5195473251,M,0.6064382139,03/30/2020 17:00,Yes,AllNonEssential,NC,1227,-166,-0.135289324,95.43418,35,-60.4342,-671.884,2.726691,389.1164,4/9/2020,1061,1111761,33,371,0,0
Oklahoma,"Mayes, Oklahoma",Mayes,0.6932059448,M,0.7712486884,,No,AllNonEssential,OK,83,-31,-0.373493976,126.5207,35,-91.5207,-37.615,3.614877,14.385,4/9/2020,52,41100,29,12,5,2
Oklahoma,"Rogers, Oklahoma",Rogers,0.6932059448,M,0.7968421053,,No,AllNonEssential,OK,245,-42,-0.171428571,219.5568,35,-184.557,-170.639,6.273051,32.36065,4/9/2020,203,92459,21,19,0,0
Oregon,"Crook, Oregon",Crook,0.442887931,R,0.7637711864,03/23/2020 0:00,Yes,AllNonEssentialRetail,OR,48,-23,-0.479166667,102.4422,35,-67.4422,-16.4586,2.926921,8.5414,4/9/2020,25,24404,4,1,0,0
Oregon,"Deschutes, Oregon",Deschutes,0.442887931,M,0.5205183585,03/30/2020 17:00,Yes,AllNonEssential,OR,289,-144,-0.498269896,73.34642,35,-38.3464,-75.8078,2.095612,69.1922,4/9/2020,145,197692,25,50,0,0
Oregon,"Douglas, Oregon",Douglas,0.442887931,R,0.7101604278,03/30/2020 17:00,Yes,AllNonEssential,OR,194,-122,-0.628865979,64.87655,35,-29.8766,-33.157,1.853616,38.843,4/9/2020,72,110980,11,12,0,0
Oregon,"Josephine, Oregon",Josephine,0.442887931,R,0.6680942184,03/30/2020 17:00,Yes,AllNonEssential,OR,170,-77,-0.452941176,106.3015,35,-71.3015,-62.3796,3.037186,30.62045,4/9/2020,93,87487,18,16,0,0
Pennsylvania,"Allegheny, Pennsylvania",Allegheny,0.5062240664,M,0.4149377593,04/01/2020 0:00,Yes,AllNonEssential,PA,2488,-774,-0.311093248,140.9487,35,-105.949,-1288.38,4.027107,425.6158,4/9/2020,1714,1216045,62,759,1,12
Pennsylvania,"Beaver, Pennsylvania",Beaver,0.5062240664,M,0.6041450777,04/01/2020 0:00,Yes,AllNonEssential,PA,250,-46,-0.184,124.4441,35,-89.4441,-146.625,3.555546,57.37515,4/9/2020,204,163929,79,129,8,13
Pennsylvania,"Bedford, Pennsylvania",Bedford,0.5062240664,R,0.8431771894,04/01/2020 0:00,Yes,AllNonEssential,PA,182,-29,-0.159340659,319.4955,35,-284.495,-136.239,9.128443,16.7608,4/9/2020,153,47888,8,4,0,0
Pennsylvania,"Blair, Pennsylvania",Blair,0.5062240664,R,0.7394002068,04/01/2020 0:00,Yes,AllNonEssential,PA,384,-135,-0.3515625,204.3848,35,-169.385,-206.36,5.839567,42.64015,4/9/2020,249,121829,5,6,0,0
Pennsylvania,"Bucks, Pennsylvania",Bucks,0.5062240664,M,0.5031185031,04/01/2020 0:00,Yes,AllNonEssential,PA,952,-218,-0.228991597,116.8288,35,-81.8288,-514.106,3.337964,219.8945,4/9/2020,734,628270,163,1022,5,28
Pennsylvania,"Cambria, Pennsylvania",Cambria,0.5062240664,R,0.6945304438,04/01/2020 0:00,Yes,AllNonEssential,PA,411,-69,-0.167883212,262.689,35,-227.689,-296.433,7.505399,45.5672,4/9/2020,342,130192,8,10,1,1
Pennsylvania,"Centre, Pennsylvania",Centre,0.5062240664,R,0.4900105152,04/01/2020 0:00,Yes,AllNonEssential,PA,221,-16,-0.07239819,126.2432,35,-91.2432,-148.165,3.606948,56.83475,4/9/2020,205,162385,36,59,0,0
Pennsylvania,"Clarion, Pennsylvania",Clarion,0.5062240664,R,0.7471383975,04/01/2020 0:00,Yes,AllNonEssential,PA,80,-12,-0.15,176.9083,35,-141.908,-54.5467,5.054522,13.4533,4/9/2020,68,38438,21,8,0,0
Pennsylvania,"Clearfield, Pennsylvania",Clearfield,0.5062240664,R,0.7559462254,04/01/2020 0:00,Yes,AllNonEssential,PA,179,-76,-0.424581006,129.9603,35,-94.9603,-75.2608,3.71315,27.73925,4/9/2020,103,79255,9,7,0,0
Pennsylvania,"Columbia, Pennsylvania",Columbia,0.5062240664,R,0.6719077568,04/01/2020 0:00,Yes,AllNonEssential,PA,199,-81,-0.407035176,181.6391,35,-146.639,-95.2626,5.189687,22.7374,4/9/2020,118,64964,100,65,3,2
Pennsylvania,"Crawford, Pennsylvania",Crawford,0.5062240664,R,0.700729927,04/01/2020 0:00,Yes,AllNonEssential,PA,152,-7,-0.046052632,171.3361,35,-136.336,-115.38,4.895316,29.62015,4/9/2020,145,84629,15,13,0,0
Pennsylvania,"Dauphin, Pennsylvania",Dauphin,0.5062240664,M,0.4854166667,04/01/2020 0:00,Yes,AllNonEssential,PA,1117,-205,-0.183527305,327.7051,35,-292.705,-814.595,9.363003,97.40465,4/9/2020,912,278299,65,180,1,2
Pennsylvania,"Franklin, Pennsylvania",Franklin,0.5062240664,R,0.7409326425,04/01/2020 0:00,Yes,AllNonEssential,PA,434,-105,-0.241935484,212.2211,35,-177.221,-274.741,6.06346,54.25945,4/9/2020,329,155027,34,52,0,0
Pennsylvania,"Greene, Pennsylvania",Greene,0.5062240664,R,0.7142857143,04/01/2020 0:00,Yes,AllNonEssential,PA,59,-26,-0.440677966,91.07719,35,-56.0772,-20.3185,2.602206,12.68155,4/9/2020,33,36233,58,21,0,0
Pennsylvania,"Indiana, Pennsylvania",Indiana,0.5062240664,R,0.6849740933,04/01/2020 0:00,Yes,AllNonEssential,PA,182,-34,-0.186813187,176.0375,35,-141.037,-118.574,5.029643,29.42555,4/9/2020,148,84073,25,21,0,0
Pennsylvania,"Juniata, Pennsylvania",Juniata,0.5062240664,R,0.8198757764,04/01/2020 0:00,Yes,AllNonEssential,PA,160,-28,-0.175,533.0533,35,-498.053,-123.333,15.2301,8.66705,4/9/2020,132,24763,93,23,0,0
Pennsylvania,"Lehigh, Pennsylvania",Lehigh,0.5062240664,M,0.476635514,04/01/2020 0:00,Yes,AllNonEssential,PA,734,-148,-0.201634877,158.6708,35,-123.671,-456.739,4.533453,129.2613,4/9/2020,586,369318,397,1466,4,13
Pennsylvania,"Montgomery, Pennsylvania",Montgomery,0.5062240664,M,0.3904465213,04/01/2020 0:00,Yes,AllNonEssential,PA,274,-73,-0.266423358,24.1902,35,10.8098,89.82025,0.691149,290.8203,4/9/2020,201,830915,204,1693,5,37
Pennsylvania,"Montour, Pennsylvania",Montour,0.5062240664,R,0.6491596639,04/01/2020 0:00,Yes,AllNonEssential,PA,27,-17,-0.62962963,54.85464,35,-19.8546,-3.6195,1.567275,6.3805,4/9/2020,10,18230,137,25,0,0
Pennsylvania,"Perry, Pennsylvania",Perry,0.5062240664,R,0.7711598746,04/01/2020 0:00,Yes,AllNonEssential,PA,83,-12,-0.144578313,153.4405,35,-118.441,-54.8048,4.384015,16.1952,4/9/2020,71,46272,32,15,2,1
Pennsylvania,"Schuylkill, Pennsylvania",Schuylkill,0.5062240664,R,0.7238883144,04/01/2020 0:00,Yes,AllNonEssential,PA,257,-82,-0.319066148,123.7983,35,-88.7983,-125.524,3.537094,49.47565,4/9/2020,175,141359,105,149,1,1
Pennsylvania,"Snyder, Pennsylvania",Snyder,0.5062240664,R,0.7460978148,04/01/2020 0:00,Yes,AllNonEssential,PA,112,-37,-0.330357143,185.7723,35,-150.772,-60.8698,5.30778,14.1302,4/9/2020,75,40372,22,9,3,1
Pennsylvania,"Susquehanna, Pennsylvania",Susquehanna,0.5062240664,R,0.7238493724,04/01/2020 0:00,Yes,AllNonEssential,PA,52,-13,-0.25,96.707,35,-61.707,-24.8852,2.763057,14.1148,4/9/2020,39,40328,40,16,3,1
Pennsylvania,"Tioga, Pennsylvania",Tioga,0.5062240664,R,0.780334728,04/01/2020 0:00,Yes,AllNonEssential,PA,82,-37,-0.451219512,110.862,35,-75.862,-30.7932,3.167486,14.20685,4/9/2020,45,40591,25,10,0,0
Pennsylvania,"Union, Pennsylvania",Union,0.5062240664,R,0.6330561331,04/01/2020 0:00,Yes,AllNonEssential,PA,37,-20,-0.540540541,37.84253,35,-2.84253,-1.27695,1.081215,15.72305,4/9/2020,17,44923,25,11,0,0
Pennsylvania,"Venango, Pennsylvania",Venango,0.5062240664,R,0.7210031348,04/01/2020 0:00,Yes,AllNonEssential,PA,176,-135,-0.767045455,80.91892,35,-45.9189,-23.2662,2.311969,17.7338,4/9/2020,41,50668,10,5,0,0
South Carolina,"Florence, South Carolina",Florence,0.5736677116,M,0.5257201646,04/07/2020 17:00,Yes,AllNonEssential,SC,369,-85,-0.230352304,205.3611,35,-170.361,-235.597,5.867459,48.40255,4/9/2020,284,138293,38,53,4,5
South Carolina,"Sumter, South Carolina",Sumter,0.5736677116,M,0.4381443299,04/07/2020 17:00,Yes,AllNonEssential,SC,295,-23,-0.077966102,254.8702,35,-219.87,-234.648,7.282005,37.35235,4/9/2020,272,106721,118,126,3,3
Tennessee,"Carter, Tennessee",Carter,0.6364583333,M,0.830753354,03/31/2020 23:59,Yes,AllNonEssential,TN,336,-123,-0.366071429,377.7198,35,-342.72,-193.263,10.792,19.73685,4/9/2020,213,56391,5,3,0,0
Tennessee,"Giles, Tennessee",Giles,0.6364583333,R,0.7321063395,03/31/2020 23:59,Yes,AllNonEssential,TN,171,-41,-0.239766082,441.2164,35,-406.216,-119.688,12.60618,10.3124,4/9/2020,130,29464,10,3,0,0
Tennessee,"Hamblen, Tennessee",Hamblen,0.6364583333,M,0.7954545455,03/31/2020 23:59,Yes,AllNonEssential,TN,363,-131,-0.360881543,357.2859,35,-322.286,-209.273,10.20817,22.7269,4/9/2020,232,64934,6,4,0,0
Tennessee,"Lawrence, Tennessee",Lawrence,0.6364583333,M,0.8150051387,03/31/2020 23:59,Yes,AllNonEssential,TN,280,-77,-0.275,459.8795,35,-424.879,-187.55,13.13941,15.4497,4/9/2020,203,44142,25,11,0,0
Tennessee,"Marshall, Tennessee",Marshall,0.6364583333,R,0.7412008282,03/31/2020 23:59,Yes,AllNonEssential,TN,151,-37,-0.245033113,331.6364,35,-296.636,-101.969,9.475325,12.03125,4/9/2020,114,34375,26,9,0,0
Tennessee,"Roane, Tennessee",Roane,0.6364583333,R,0.7664233577,03/31/2020 23:59,Yes,AllNonEssential,TN,207,0,0,387.7712,35,-352.771,-188.316,11.07918,18.6837,4/9/2020,207,53382,9,5,0,0
Tennessee,"Robertson, Tennessee",Robertson,0.6364583333,R,0.7453222453,03/31/2020 23:59,Yes,AllNonEssential,TN,496,-55,-0.110887097,614.0949,35,-579.095,-415.865,17.54557,25.13455,4/9/2020,441,71813,98,70,0,0
Tennessee,"Shelby, Tennessee",Shelby,0.6364583333,M,0.3570691434,03/31/2020 23:59,Yes,AllNonEssential,TN,2441,-516,-0.211388775,205.4065,35,-170.407,-1596.99,5.868758,328.0081,4/9/2020,1925,937166,107,1006,3,23
Texas,"Bell, Texas",Bell,0.5479166667,M,0.5793901157,04/02/2020 0:01,Yes,None,TX,878,-259,-0.29498861,170.5591,35,-135.559,-491.977,4.873118,127.0234,4/9/2020,619,362924,23,84,1,3
Texas,"Brown, Texas",Brown,0.5479166667,M,0.8812691914,04/02/2020 0:01,Yes,None,TX,169,-42,-0.24852071,335.4109,35,-300.411,-113.748,9.58317,13.2524,4/9/2020,127,37864,21,8,0,0
Texas,"Cooke, Texas",Cooke,0.5479166667,M,0.9007092199,04/02/2020 0:01,Yes,None,TX,20,0,0,48.47662,35,-13.4766,-5.56005,1.385046,14.43995,4/1/2020,20,41257,2,1,0,0
Texas,"Erath, Texas",Erath,0.5479166667,R,0.839835729,04/02/2020 0:01,Yes,None,TX,81,-31,-0.382716049,117.1015,35,-82.1015,-35.0557,3.345757,14.9443,4/9/2020,50,42698,23,10,2,1
Texas,"Hockley, Texas",Hockley,0.5479166667,M,0.8163481953,04/02/2020 0:01,Yes,None,TX,64,-15,-0.234375,212.8491,35,-177.849,-40.9427,6.081404,8.05735,4/9/2020,49,23021,52,12,4,1
Texas,"Hopkins, Texas",Hopkins,0.5479166667,M,0.8102040816,04/02/2020 0:01,Yes,None,TX,163,-32,-0.196319018,353.2521,35,-318.252,-118.021,10.09292,12.9794,4/9/2020,131,37084,11,4,0,0
Texas,"Liberty, Texas",Liberty,0.5479166667,B,0.7953156823,04/02/2020 0:01,Yes,None,TX,235,-26,-0.110638298,236.9104,35,-201.91,-178.123,6.768869,30.87665,4/9/2020,209,88219,17,15,0,0
Texas,"Rusk, Texas",Rusk,0.5479166667,B,0.7887755102,04/02/2020 0:01,Yes,None,TX,20,0,0,36.76065,35,-1.76065,-0.9579,1.050304,19.0421,4/9/2020,20,54406,26,14,0,0
Texas,"Titus, Texas",Titus,0.5479166667,M,0.7158974359,04/02/2020 0:01,Yes,None,TX,130,-41,-0.315384615,271.7557,35,-236.756,-77.5375,7.764449,11.4625,4/9/2020,89,32750,12,4,0,0
Texas,"Tom Green, Texas",Tom Green,0.5479166667,M,0.750261233,04/02/2020 0:01,Yes,None,TX,375,-38,-0.101333333,282.7181,35,-247.718,-295.28,8.077661,41.72,4/9/2020,337,119200,21,25,0,0
Texas,"Upshur, Texas",Upshur,0.5479166667,B,0.8476482618,04/02/2020 0:01,Yes,None,TX,20,0,0,47.90075,35,-12.9007,-5.38645,1.368593,14.61355,4/9/2020,20,41753,14,6,0,0
Texas,"Van Zandt, Texas",Van Zandt,0.5479166667,M,0.8682328907,04/02/2020 0:01,Yes,None,TX,131,0,0,231.4897,35,-196.49,-111.194,6.61399,19.8065,4/9/2020,131,56590,14,8,2,1
Texas,"Wilson, Texas",Wilson,0.5479166667,R,0.7448770492,04/02/2020 0:01,Yes,None,TX,78,-11,-0.141025641,131.1925,35,-96.1925,-49.1255,3.748357,17.8745,4/9/2020,67,51070,18,9,0,0
Texas,"Young, Texas",Young,0.5479166667,M,0.8829568789,04/02/2020 0:01,Yes,None,TX,20,0,0,111.0494,35,-76.0494,-13.6965,3.17284,6.3035,4/9/2020,20,18010,17,3,0,0
Utah,"Salt Lake, Utah",Salt Lake,0.6227951153,M,0.4323607427,03/30/2020 0:01,Yes,None,UT,2096,-588,-0.280534351,129.951,35,-94.951,-1101.85,3.712887,406.153,4/9/2020,1508,1160437,81,935,1,7
Virginia,"Brunswick, Virginia",Brunswick,0.4741833509,R,0.4048830112,03/30/2020 0:00,Yes,NonEssentialRetail,VA,412,-17,-0.041262136,2433.615,35,-2398.61,-389.319,69.53185,5.68085,4/9/2020,395,16231,6,1,0,0
Virginia,"Chesapeake city, Virginia",Chesapeake city,0.4741833509,R,0.5068205666,03/30/2020 0:00,Yes,NonEssentialRetail,VA,1025,21,0.020487805,427.2265,35,-392.226,-960.308,12.20647,85.69225,4/9/2020,1046,244835,41,101,0,1
Virginia,"Hanover, Virginia",Hanover,0.4741833509,R,0.6712473573,03/30/2020 0:00,Yes,NonEssentialRetail,VA,385,-95,-0.246753247,269.1016,35,-234.102,-252.282,7.688616,37.7181,4/9/2020,290,107766,27,29,0,0
Virginia,"Hopewell city, Virginia",Hopewell city,0.4741833509,R,0.4510416667,03/30/2020 0:00,Yes,NonEssentialRetail,VA,1407,-210,-0.149253731,5313.152,35,-5278.15,-1189.11,151.8043,7.88515,4/9/2020,1197,22529,58,13,0,0
Virginia,"Middlesex, Virginia",Middlesex,0.4741833509,R,0.6348547718,03/30/2020 0:00,Yes,NonEssentialRetail,VA,179,-32,-0.17877095,1389.151,35,-1354.15,-143.296,39.69004,3.7037,4/9/2020,147,10582,19,2,0,0
Virginia,"Roanoke, Virginia",Roanoke,0.4741833509,R,0.6473684211,03/30/2020 0:00,Yes,NonEssentialRetail,VA,935,-124,-0.132620321,861.0622,35,-826.062,-778.035,24.60178,32.9651,4/9/2020,811,94186,10,9,0,0
Virginia,"Rockbridge, Virginia",Rockbridge,0.4741833509,R,0.6554621849,03/30/2020 0:00,Yes,NonEssentialRetail,VA,140,-47,-0.335714286,411.9966,35,-376.997,-85.0995,11.77133,7.90055,4/9/2020,93,22573,13,3,0,0
Virginia,"Staunton city, Virginia",Staunton city,0.4741833509,R,0.4904051173,03/30/2020 0:00,Yes,NonEssentialRetail,VA,904,-127,-0.140486726,3116.477,35,-3081.48,-768.274,89.04219,8.7262,4/9/2020,777,24932,4,1,0,0
Virginia,"Suffolk city, Virginia",Suffolk city,0.4741833509,R,0.4275286757,03/30/2020 0:00,Yes,NonEssentialRetail,VA,800,-57,-0.07125,806.6617,35,-771.662,-710.762,23.04748,32.2378,4/9/2020,743,92108,34,31,0,0
Virginia,"Virginia Beach city, Virginia",Virginia Beach city,0.4741833509,R,0.5234541578,03/30/2020 0:00,Yes,NonEssentialRetail,VA,1518,-253,-0.166666667,281.1274,35,-246.127,-1107.51,8.03221,157.4909,4/9/2020,1265,449974,49,219,0,1
Virginia,"Warren, Virginia",Warren,0.4741833509,R,0.6950578339,03/30/2020 0:00,Yes,NonEssentialRetail,VA,498,-109,-0.218875502,968.529,35,-933.529,-374.943,27.67226,14.0574,4/9/2020,389,40164,22,9,0,0
Virginia,"Washington, Virginia",Washington,0.4741833509,R,0.7766287487,03/30/2020 0:00,Yes,NonEssentialRetail,VA,1997,-197,-0.098647972,3349.46,35,-3314.46,-1781.19,95.69887,18.809,4/9/2020,1800,53740,28,15,0,0
Virginia,"Williamsburg city, Virginia",Williamsburg city,0.4741833509,R,0.2698412698,03/30/2020 0:00,Yes,NonEssentialRetail,VA,409,-77,-0.188264059,2220.142,35,-2185.14,-326.766,63.43262,5.2339,4/9/2020,332,14954,107,16,7,1
Washington,"King, Washington",King,0.4125269978,B,0.2313432836,03/23/2020 0:00,Yes,AllNonEssential,WA,2130,-584,-0.274178404,68.62626,35,-33.6263,-757.526,1.96075,788.4737,4/9/2020,1546,2252782,173,3888,12,260
Washington,"Snohomish, Washington",Snohomish,0.4125269978,B,0.40914037,03/23/2020 0:00,Yes,AllNonEssential,WA,805,-468,-0.58136646,40.99343,35,-5.99343,-49.271,1.171241,287.7291,4/9/2020,337,822083,207,1701,8,63
Wisconsin,"Brown, Wisconsin",Brown,0.5052742616,R,0.5570824524,03/25/2020 8:00,Yes,AllNonEssential,WI,733,-138,-0.188267394,224.917,35,-189.917,-502.41,6.426201,92.5897,4/9/2020,595,264542,19,50,0,1
Wisconsin,"Kenosha, Wisconsin",Kenosha,0.5052742616,M,0.5015839493,03/30/2020 0:00,Yes,AllNonEssential,WI,531,-100,-0.188323917,254.1858,35,-219.186,-371.654,7.262452,59.34635,4/9/2020,431,169561,80,135,1,1